bread_1_flour_white.kg,bread_2_cereal.kg,bread_3_rice.kg,bread_4_beans.kg,bread_5_macaroni.kg,bread_6_lavash.kg
100,3.33,1.67,1.33,6,155
133.89,1.67,1.33,1,6.67,166.67
0.5,1.5,1.5,0.5,5,50
1.25,7.5,3.75,1.25,3.75,195
50,1.25,2.5,2.5,7.5,58.83
350,25,10,5,30,133.34
50,1.25,1.25,0.75,2.5,201.32
2.5,2.5,1.67,1,5,66.67
130,1.5,1.5,2.5,10,100
2.5,3,3.5,2,8.75,135
25,2.5,9,8.75,17.5,365
150,7.5,2.5,1.5,12.5,68.75
100,1.25,2.5,3.75,15,60
10,5,15,10,20,130
3.33,1.33,1,3.33,12,333.33
6.67,3.33,5,1.67,10,16.67
2.5,3,3,1.5,6,300
0.5,0.5,1,0.25,1,65
150,1,6.67,1,8.33,150
87.5,2.96,3,2.5,3.75,123.75
3.33,2.18,2.67,1,6,73.33
9,3,3,2,10,277.5
10,2,3,2,3,72
200,1.5,4.5,5,7.5,7.5
13.33,4.67,5.67,2.33,10,100
133.33,3.33,6.67,1.67,8.33,55
7.5,5,10,5,7.5,175
6.25,3.75,4.5,2.5,8,175
1,0.8,5,1.2,6,76
37.5,7.5,7.5,2.5,15,50
5,0.75,2.5,0.75,3.75,120
116.67,1,3.33,3.33,5,6.25
1.25,2.25,1.25,1.5,2.5,106.25
187.5,3,8.5,8,11,2.5
3,2,5,3,7,115
140,1.8,3,1,6,38.5
10,6,9,10,9,237.5
150,2,2.5,7.5,5,152.5
0.5,2.75,6,7,10,65
30,10,20,10,13,110
325,7.5,6,12.5,12.5,210
150,4.77,2.5,5,7.5,213.75
3.33,4.56,3.33,6,5,98.33
1.67,2.37,2.5,0.83,3,41.67
4.33,3.44,4.33,0.67,6.67,116.22
13.33,6.67,6.67,2.67,11.67,166.67
84,1.5,2.5,1,2.5,90
8.33,4,5,4,8,100
1.5,2.5,7.5,3.5,15,200
200,6.67,6.67,3.33,16.67,133.33
12.5,5,10,5,10,200
10.91,25,10,6,30,380
15,2,3,7.5,10,150
3,1.25,3.75,2,6,66.25
7.5,2.36,3.75,1.25,7,75
3.13,1.5,5,5,22.5,180
2.5,2,6,4,12.5,170
1.88,1.61,2,0.63,3.5,3.75
6,4,1,5,5,140
60,1.2,1.2,0.8,3,133.82
2.5,5.75,10,7.5,15,350
25,6.25,10,20,15,275
2.5,5,7.5,5,17.5,225
3.5,6,10,5,12.5,180
2,3,10,5,10,540
3.33,1.67,1.67,0.83,2.5,83.33
1.5,7.5,15,7.5,20,370
1.18,2,3.6,1.2,7.2,70
66.67,0.5,1,1.25,3.75,87.5
10,4.56,5.33,1.67,9.33,120
3.33,1.67,2.33,1.67,8.33,116.67
101.2,0.8,3,1.4,5,80
1.5,1.25,1.25,1,2.5,90
15,3.69,10,5,21,300
1.5,1.5,1.75,1,3.25,162.5
250,7.5,5,5,5,250
100,0.6,1.6,1,2,27.07
2.92,1.13,1.25,1.25,5,47.5
10,5,5,2,15,150
6.67,1,6.67,1.67,16.67,150
8.67,2.5,2.5,1.25,10,175
423.33,3,6,6,7,127
250,6.82,5,5,15,292.5
16.67,10,6.67,6.67,10,366.67
154.17,2.5,5,3.75,17.5,225
3,10,5,2,8,220
1.5,2.25,6,2.5,9,90
0.83,1.17,5,2.5,11.67,150
0.14,0.86,0.86,0.29,1.43,53.57
112.5,0.75,1.25,2.5,4.5,2.5
4,2,6,1,6,140
5,5,5,3.33,10,243.33
150,3.75,1.5,0.75,5,165.75
6.67,1.33,5,1.67,8.33,250
3,2,4,2,4,72
100,3.75,1.75,1.25,5,176.59
0.3,0.2,0.7,0.3,1,10
4,1.33,3,2.67,8.33,126.67
5,3,5,6,10,170
2.5,1.25,3.75,3.75,8.75,135
5,7.5,10,7.5,20,350
140,3,2,1.6,6,163.64
6.67,3.33,5,6.67,13.33,200
180,5,2.6,1.6,7,126.36
7.5,3.34,6,15,10,200
200,1.88,5,1.5,7.5,26.56
200,3.33,5,1.67,13.33,151.96
8.33,2,5.83,2.5,6.67,87.5
2.5,2.5,3,2.5,10,127.5
5,5,1.88,0.63,3.13,90
7.5,2.5,6.25,3.75,12.5,225
80,1,1,2,3.6,10
10,2.9,9,5,12,290
92.86,2.14,3.57,4.29,3.57,46.79
16,3.5,7,12.5,8,190
150,2.03,1.25,3.75,15,108.75
300,10,5,2.5,10,262.15
12.5,7.5,25,15,25,200
2.4,1,1.4,1.6,6,72
15,10,7.5,10,25,300
5,0.75,4,1.5,7.5,187.5
10,4,5,2.5,7.5,225
2.5,2.5,3,2,5.5,250
12.5,1.25,3,3,1.75,100
8.33,1.67,2.67,1.17,5,50
180,3.33,1.67,6.67,3.33,187.5
7.5,3.5,5,2.5,12.5,180
10,5,7,3,10,230
16.67,3.33,6.67,3.33,8.33,133.33
8.33,3.33,6.67,5.83,8.33,91.67
2.5,0.75,2.5,0.75,5,100
100,5,5,7.5,5,40
100,2.5,2.5,2.5,15,120
250,1.5,7.5,1.5,12.5,356.67
5,1.5,4,1,7.5,175
5,5,15,1.5,15,350
151.25,7.5,5,5,5,125
0.75,2.5,1.25,1,2,55
5,4.3,4.33,8.33,6,146.67
175,6.25,3.75,2.5,12.5,123.33
2,2,2.5,1,3.5,85
2,2,2.5,0.5,1.5,50
6.25,1.25,3.75,6.25,15,100
2,2,2.5,1,3.5,80
1.25,4.5,1.5,1,3.75,45
1.67,1.67,3.33,1.67,6.67,146.67
225,3.75,12.5,3.75,17.5,100
3.33,3.33,4,1.33,4,3.33
20,30,6,1,10,280
7.5,5.92,8,7.5,6,149
233.33,1.67,6.67,3.33,10,6.67
3.33,0.33,0.83,0.5,4.17,100
1.67,0.67,5,3.33,10,226.67
3.75,2.5,5,5,7.5,212.5
7.5,2.5,2.5,1.5,5,150
160,5,2,2,5,75
10,15,15,5,30,200
4,4,3,4,6,110
100,3.33,2,1,5,122.33
5,1.25,2,1.25,5,40
2.5,0.75,2,0.75,5,87.5
300,5,20,10,70,185
0.75,1.5,1.25,2.5,3.75,75
3.75,2.5,5,1.25,5,135
233.33,5,3.33,1.67,6.67,179.33
233.33,10,13.33,6.67,11.67,289.47
1.33,1,1.67,0.67,3.33,53.33
200,3.33,4,2,9,198.18
2.5,5,5,2.5,5,180
4,3,5,4,10,180
2.5,1.5,6,1.5,7.5,100
6,1.2,3,1.2,6,70
120,3,4,4.4,4.4,49.38
3.5,1.2,1.6,0.4,3.2,30
66.67,0.5,1.67,0.5,4.17,2.71
3.33,1.33,6,2,13.33,183.33
8.33,0.83,3.33,0.83,3.33,116.67
325,25,25,25,25,150
150,2.45,3,1.25,6,120
5,5.28,7.5,2.5,9,125
3,0.8,1.4,1.4,3,72
10,3,9,7.5,13,400
150,2.36,6.25,1.25,6.25,3.75
3.75,2.5,3.75,5,8.75,112.5
10,5.35,5,10,6,158.33
6,3.37,5.6,2,7.2,147
1.25,1.25,2.5,3,8.75,162.5
2,0.88,1.25,2,5,75
3.75,1.25,1.25,1,3.75,105
3.57,0.86,2.86,2.14,4.29,128.57
100,1,3,1,5,40
4.17,2.5,3.33,1,5,83.33
3.75,3,1.25,1.5,4.5,55
0.43,1.43,1.43,0.43,4.29,35.71
8,4,2,3,6,70
3.75,1,5,1.5,2.5,285
5,1.67,5,8.33,13.33,266.67
150,0.75,2.5,1,5,112.5
4.17,1.67,2.33,1.67,10,256.67
3.33,3.33,1.67,3.33,5,83.33
7,10,10,10,25,360
300,4.75,2.5,2.5,12.5,211.11
3,3,8,3,10,180
4.25,1.5,2.5,2.5,5,55
2.5,1.25,2.5,1.75,3.75,30
150,0.75,1.5,3.75,3.75,1.5
120,1.4,3.6,4,4,33.25
180,1.52,7,6,6,98.6
125,3.75,1.5,1.25,3.75,114.25
100,2.5,1.25,2.5,2.5,50
2,1,2,1,7,80
3.33,5.33,6.67,5,10,200
6.67,3.33,8.33,3.33,6.67,220
100,2.5,7.5,15,12.5,275
3,1.6,2,0.6,3.2,56
133.33,1.33,3.33,3.33,5,118.33
3.33,5,3.33,1.67,10,200
2.5,1.25,3.75,1.25,6.25,170
100,7.28,2.5,2.5,5,315
3.33,1,1.33,1.33,5,130
2.5,0.5,0.75,0.75,3.75,125
2.5,0.5,3.75,0.5,6.25,95
200,1.33,4.17,3.33,6.67,0.5
2.38,3,5,2.5,7.5,250
10,1.5,2.5,2.5,9,300
100,4.17,1.67,5,6.67,183.33
150,0.5,2.5,3.75,5,6.25
1.25,1,2.5,1.25,5,140
3,1,5,2,4,72
6.67,5,6,2,11.67,120
6.25,2.08,4.5,2.5,6,145
90,2,1,1.6,3,0.6
10,2.67,5,2.33,10,133.33
2.5,2.63,3.75,1.25,4.5,62.5
20,12.67,6,3,25,337.33
0.75,0.5,1.25,1.5,2.5,25
4,2.5,7.5,5,5,185
160,1,2,3,3.6,37.6
5,12.5,10,7.5,22.5,260
7.5,3.75,3.75,1.25,5,87.5
166.67,1,5,1.67,8.33,153.33
1.5,3,1.5,2.5,12.5,275
6.25,5,5,2.5,8.75,187.5
1,1.5,2.5,1,10,45
71.43,0.67,1.71,7.14,4.29,2.86
2.5,0.5,2.5,1.25,10,135
101.25,0.75,0.75,2.5,6.25,87.5
300,3.2,7.5,15,12.5,195
5,10,0.75,0.75,5,137
5,5,5,10,20,240
133.33,1,2.33,5,3.33,1
1,1.17,2,4.2,3,36.6
41.67,0.83,0.67,1.17,16.67,41.67
62.5,1.75,1.25,1.25,5,213.86
83.33,2.73,1.67,1.67,3.33,120
57.14,0.43,0.71,1.14,5,28.57
1.5,1.25,1.5,2,3.75,60
400,10,15,7.5,25,81.06
1.67,5.5,3.33,1.67,8.33,63.33
3.33,3.33,10,3.33,13.33,200
200,2,4.5,5,7.5,5
1.25,2.75,5,3.75,8.75,137.5
100,2,2,0.8,4,156.18
1.5,1.5,1.25,0.75,3,175
4,0.8,3,1,4,140
150,1.25,5,1.25,6.25,3.75
125,0.75,1.25,2.5,2.5,17.5
180,10,6,6,12,80
0.5,0.5,1.75,0.75,3.75,80
6.67,5,5,3.33,10,250
5,1.5,5,1.25,7.5,125
55.56,0.5,0.5,0.83,2.5,20
3,2,4,2,4,80
6.67,3.33,6.67,3.33,16.67,126.67
6.25,1.5,6.25,1.25,10,150
1.67,5.6,5,3.33,15,166.67
5,17.5,6.25,2.5,20,200
4,2,4,2,4,140
7.5,10,7.5,5,15,275
3,2.5,3.75,2.5,7.5,180
6,1,3,1.2,7,80
160,2.17,4,5,10,210
3.5,1.5,2.5,7.5,5,190
1.67,2,4,4,10,100
1.67,1,1.67,1,6.67,116.67
8.33,2.41,6,3.33,8.33,233.33
75,1.25,1.25,1.75,3,3.75
25,9,7.5,2.5,10,270
1.25,3.5,6,3.75,15,150
2,1,4,1,6,140
5.23,6,12,7.5,5,250
160,5,3,4,10,50
180,7.5,7.5,2.5,9,180
5,4.48,7.5,2.5,9,125
225,12.5,5,3.75,10,202.63
116.67,0.67,3.33,5,6,6.67
3.33,10,2.67,1.67,16,133.33
166.67,1,5,1,5,175
1,0.75,2,1.25,5,35
150,1.25,2.5,2.5,5,95.83
25,1,3.75,1.25,6.25,200
95,0.67,3.33,0.67,3.33,100
100,0.67,1,0.67,1.33,73.56
10,16,2,3,6,140
4.17,5,3.33,3.33,5,150
300,12.5,6,3,15,244.75
125,1.55,2.5,5,6.25,5
15,5,10,4,20,360
396.67,3,10,6,7,110
75,2.1,6,5,5,128
2.5,1.75,1,2,3.75,87.5
1.67,0.83,1.67,0.83,2,46.67
200,4.34,2.5,2.5,4,325
150,0.75,6.25,1.25,7.5,90
1.67,0.67,2.33,1,5,100
1.88,3,3.75,0.5,7.5,175
3,2,1.6,1,3,60
3.75,3.03,5,1.25,7,148.75
15,1.5,7.5,2,7.5,200
5,2.5,3.25,1,6.25,137.5
8.25,2.5,2.5,1,12.5,37.5
5,5,3,2.5,3.75,55
120,1,3,2,10,80
0.6,1,1,1,4,76
1.29,2.67,2,3.33,6.67,83.33
104,2,4,4,3,81.63
1.67,1.67,3.33,1,4.33,50
5.75,6.25,5,5,12.5,225
200,1,5,2.5,5,102.5
6,6.14,13.33,6.67,13.33,170
2.5,10,5,1.5,10,180
80,1.2,4.4,5.2,3.6,13.2
10,2.5,5,2.5,7.5,150
4.5,6,15,5,10,300
3.33,1.33,5,5,8.33,116.67
0.22,0.56,1.11,0.89,2.67,40
2,3.33,2.33,3.33,8.33,150
300,7.5,12.5,3,30,187.5
2,0.6,0.8,0.4,4,82
133.33,5,5,5,5.33,163.33
100,2,2.5,3.75,17.5,52.5
10,3,4,2,7,80
6.67,1.67,3.33,1.67,6.67,116.67
6,3,4,3,13,160
2,0.33,0.67,0.5,1.17,16.67
3.33,1.67,6.67,1.67,10,100
3.33,2.5,2.5,1.67,5.83,116.67
3.33,1.67,1.67,1.67,4,116.67
12.5,5,3,0.5,20,100
2.5,1.25,4,2.5,5,35
125,3.33,1.67,0.83,5,55
4,0.8,3,4,3,73
25,1.92,0.33,0.83,1.67,17
125,2.5,2,3.75,20,50
10,7.5,10,10,20,175
15,5,10,5,22.5,235
5,5,5,5,12.5,180
2.5,3.75,3.75,2.5,6.25,100
233.33,3.33,16.67,10,100,133.33
200,6.25,3.75,1.25,7.5,146.1
4,4,3,2,7,110
225,3,5,7.5,15,150.42
400,1.17,6.5,10,10,15
0.5,0.5,0.5,1.38,0.75,75
7.5,10,7.5,5,10,350
1.25,1.25,2.5,2.5,3.75,30
0.83,1.17,1.67,2.5,5,53.33
3.75,1.25,3.75,2.5,7.5,275
150,5,2.5,7.5,10,407.9
250,1.5,4,6,7.5,10
9.33,5,6.67,3.33,10,133.33
200,8,2.4,1,8,75
225,5,6.25,10,27.5,26
1.67,3.33,1,1,3.33,40
3.33,3.33,6.67,3.33,11.67,233.33
5,6,7.5,10,20,300
200,10,5,3.33,8.33,93.33
3.33,6.67,3.33,3.33,50,500
0.63,1.25,0.63,0.63,1.25,12.5
3.5,3.75,3,3.75,5,182.5
5,2.5,5,4,10,150
10,5,7.5,5,7.5,200
3.33,1.67,4,1.67,5,96.67
7.5,1.25,3.75,3.75,10,250
3.75,1.25,6.25,2.5,11.25,73.75
7.5,2.5,3.75,1.5,3.75,175
1.25,3.75,6.25,5,22.5,450
5,10,10,10,10,80
8.33,11.67,1,1,5,216.67
16.67,6.67,13.33,8.33,16.67,183.33
2.5,2,2.5,2,6,225
5,1.2,4,2.2,8,80
5,3,6,10,10,182.5
150,10,5,3.33,12,156.67
112.5,1.25,1.75,0.75,7.5,124.38
4.17,1,1.33,1.67,3.33,50
1.5,2.95,3.75,2.5,7.5,100
1,3.2,4,4,10,120
5,2.5,7.5,5,12.5,315
75,0.5,0.25,1.25,25,55
100,12.5,12.5,5,12.5,125.89
1,1.2,1,1.2,2.4,140
9,7.5,3.5,3,15,350
5,2.19,5,2,6,155
3.33,1.67,3.33,1,6.67,100
0.8,0.4,2,0.8,2,60
120,1.67,3.33,6.67,6.67,1.67
3.88,2.5,2,1.25,3.75,137.5
1.67,4.67,11.67,3.33,15,121.67
200,2.5,2.5,5,7.5,10
150,15,2.5,2.5,11.25,168.75
120,8,7.2,12,12,120.5
2,2,2.5,1.5,4,170
80,2.8,2,1.6,2,2
0.83,0.5,1.67,0.33,1.67,25
2.5,2.58,5,2.5,6.67,60.83
8.33,2.5,6.67,6.67,11.67,66.67
2.73,5,12.5,15,25,300
2,1.4,1.2,1,2.6,140
150,6,7.6,2,12,160
2.5,2.5,5,1.5,7.5,300
107.14,2.86,5.71,2.86,4.29,3.33
6,3,5,3,7,200
14.29,0.71,1.43,0.71,2.14,90.34
25,5,5,5,25,180
12.5,5,1.25,0.75,5,125
2.5,2,1.67,2.67,6.67,133.33
4.5,1,2.5,3.75,5,137.5
5,6.67,5,3.33,10,150
2.5,1,5,1,7.5,225
2.5,1.5,5,5,12.5,190
2,1.25,3.25,0.75,4.5,65
31.43,0.43,0.71,0.71,1.43,1.43
1.67,1.67,4,5,6.67,128.33
66.67,3.64,10,13.33,11.67,150
165,1.5,4.25,5,4.5,1.5
2.5,5,2.5,2.5,10,187.5
300,25,7.5,2.5,12.5,283.34
2,2,2,3,3,43.2
100,5.17,1.67,1.67,5,170
3.75,1.25,5,1.25,7.5,200
3,3,5,3,20,185
6.67,3,4,4,11.67,316.67
92.5,1.75,3.5,5,6.25,88
4,0.93,5,2,5.6,119
87.5,1.5,2.5,1,3.75,87.5
6.25,3.75,4.5,2.5,6,145
250,12.5,12.5,7.5,15,33.69
4,2,5,3,15,200
16.83,2.5,1.25,1.25,7.5,150
3.33,3.33,1.67,1.67,6.67,120
8.33,2,2.5,1.67,5.83,83.33
10,4.21,6.67,5,21.67,266.67
5,0.83,1.67,0.83,4.17,83.33
10,3.75,4.5,1.75,7.5,137.5
90,2,3,1,4,148.73
200,1.67,8.33,6.67,26.67,40.22
1,0.33,2.5,0.5,3.33,108.33
77.78,0.56,0.89,2.22,2.22,0.56
5,1.75,6,2.5,12,75
160,0.6,1.4,1,2.4,26
5,1.02,4.5,7.5,3.75,75
90,0.8,3,4,3,41.83
2.5,1.25,1.25,2,3.75,75
6.67,5,8.33,5,10,150
7.5,1.25,2.5,1.25,6.25,175
2,0.8,1,0.8,2,72
133.33,0.67,1,1,6.67,66.67
2,2,2,0.6,2.4,64
1.5,5,4,2.5,10,150
3.5,4,10,2.5,30,200
0.75,0.75,2.5,0.5,3.75,50
1.83,0.67,1.67,1.5,5,63.33
1,0.4,2.4,6,4,84
7.14,8.57,8.57,1.43,1.43,85.71
0.17,2.5,1.67,2.5,3.33,75
2.5,5,7.5,1.25,17.5,187.5
2,1,3,1,4,70
3.75,1.75,2.5,3.75,7.5,112.5
1.75,2,3.75,0.75,7.5,90
1.2,1.2,2,1.2,4,76
80,3,2.4,7,12,146
2,2,4,1,6,76
5,3.33,3.33,5,10,166.67
5,12.5,2.5,1.5,25,175
7.5,3.75,4.5,1.5,8.75,92.5
200,1.57,4,6.67,10,115
2.5,1.25,2,0.75,2.5,37.5
1,1.67,1.67,1.67,3.33,36.67
4,1,5,2,6,60
5,2.5,5,2.5,3.75,100
50,2.5,5,6.25,6.25,172.5
100,7.5,7.5,7.5,10,257.5
1.67,3.73,3.33,3.33,13.33,133.33
4,1.6,2,3,6,110
0.75,0.5,0.75,1.25,5,23.75
7.5,4,5,2.5,15,270
1.59,1.5,2,2.5,4.5,50
1.25,1.25,2.5,2.5,5,167.5
2.5,1.25,5,1.25,10,175
133.33,3.33,3.33,5,20,111.11
3.33,0.5,1.67,0.67,3.33,70
2.5,10,2.5,5,5,100
9.17,3.33,6,2,5.33,116.67
25,10,12,8,6,180
2,1,2,2,16,100
87.5,0.5,1.5,2,3,4.38
7.5,2.5,4.25,1.75,7.5,100
3,4,4,1,6,180
2.5,5,10,10,20,325
150,0.78,1.67,2.67,5,3.33
450,2.5,18,5,20,8.22
5,1.67,1.67,1.67,8.33,233.33
116.67,1,6.67,3.33,16.67,122.22
5,1,3.75,2.5,6.25,162.5
4.17,0.83,10,2.5,16.67,91.67
112.5,1.75,1.5,1,3.75,153.5
6,6,3.6,0.6,6,110
1.67,2.41,2.5,0.83,4.17,55
1.67,0.83,1,2.5,4.17,58.33
2.92,0.33,0.83,0.5,2.5,20
240,4,2,2,14,88.29
83.33,2.17,4,1.67,5,140
109,1.6,4.8,4,4,48.67
50,30,18,25,12.5,125
250,11.3,5,5,5,360
71.67,0.67,2.67,3.33,3.33,42.33
5,3.59,5,3.33,9.33,120
5,17.5,7.5,9,15,460
80,3.4,2.4,2,4,41.5
133.33,3.33,3.33,2,6,135.5
0.5,0.17,0.83,0.5,1.17,33.33
200,1.5,3.5,5,6,7.5
6,3,4,2,4,100
3.33,2.5,1.67,1.67,5,58.33
90,2.4,1.2,0.6,3.6,113.76
75,5,5,5,10,50
6.67,4.17,5,1.67,6.67,166.67
120,1.13,4,4,8,3.75
3,4,5,4,25,186
200,1.25,2,6.25,3.75,1.25
5,6.71,7.5,2.5,9,125
1.3,0.6,3,1.2,5,60
2.5,1.25,3.75,1.25,5,100
120,2,2,2,10,46.67
5,1.67,2.5,5,6.67,91.67
4,0.6,2,1,3,70
5,2.5,2.5,1.5,10,180
1.67,0.67,1.67,1.33,2,40
1.67,0.5,2.5,2.5,5,61.67
6.67,2,2,2,15,180
10,4,10,15,12,230
5,5,3.75,5,10,162.5
8.33,2.09,9.33,3.33,10,210
2.86,0.71,3.57,1.43,7.14,77.14
1,1.4,0.8,0.8,3.4,82
91.67,3.33,1.67,1.67,5,148.79
1.45,1.6,4,3,6,50
5,1.5,8.75,2.5,10,190
3.75,2.5,3.75,2.5,5,75
13.33,5,10,5,13.33,166.67
1,1.67,1.67,2,3.33,60
200,7,1,1.4,7,54.22
140,5,7,4,6,114.71
7.5,2.5,7.5,5,12.5,275
5,1.5,4,1,7.5,180
2.5,0.75,1.25,3.75,6.25,87.5
2,4,6,2,10,120
6.67,5,8.33,5,10,133.33
25,50,5,4,15,550
13.33,3.33,5,2,10,120
2.5,3.49,3.75,1.25,4.5,62.5
40,3.09,2,4,2,135
0.67,0.67,4,1.67,13.33,100
3.75,6.25,7.5,3.75,11.25,167.5
100,0.75,3.75,1.25,6.25,75
5,4,8,3,10,120
31,4,1,1,6,120
5,1.25,5,1.25,5.5,100
200,8.33,13.33,13.33,16.67,204
1,1.5,4,1,15,55
0.4,2.47,2.4,0.6,2,36
5,2,3,2,5,130
6,3,3,2,7,73
5,3,3.6,2,4.8,116
150,1.25,1.25,3.75,12.5,31.75
100,5.67,5,1,3.33,163.33
80,0.6,3,1,3,4
60,0.4,1,1.2,2,1
5,2.5,5,5,7.5,90
1.43,1,0.57,0.71,2.86,52.14
100,1.58,4.17,8.33,5,98.33
75,1,2.17,3.33,15,42.08
120,1.47,3,0.6,4,2
2,3,3,2.5,7.5,12.5
1,1.88,1.25,1.25,6.25,67.5
2,2.5,12.5,2.5,15,265
1.25,3.73,4.5,3.75,8.75,125
2.5,6.23,7.5,2.5,7.5,140
75,1.25,3,2.5,3.75,1.25
3,4.25,10,5,12.5,157.5
3,1,4,1,6,100
1,1,1.6,1.2,4,100
4,0.4,1,1,2,40
7.5,1.25,1.5,1.5,7.5,250
4,1.33,3.33,5,8.33,200
12.5,2.5,3.75,1.25,8.75,92.5
5,6.25,1.5,2,6,140
75,1,2.5,0.75,5,125
42.86,0.29,1.43,0.43,1.71,1.43
20,8,7.5,4,15,150
150,1.5,2.5,3.75,12.5,7.5
15,7.5,8,2.5,14,180
1.67,1,2.17,3.33,6.67,150
66.67,3.33,3.33,3.33,10,33.33
140,0.5,5.6,3,4.4,2.4
0.6,2,1,5,5,112
100,2.83,2,3.67,4,48.67
2,3,2.4,2,5,40
4,0.6,1,2,4,70
150,2.5,5,2.5,15,360.53
1.25,1.25,1.5,0.5,2.5,37.5
187.5,0.67,1.67,0.33,3.33,50
0.75,1,3,0.75,2.5,112.5
71.67,1.5,6.25,1.75,7.5,212.5
1,1,6,7.5,10,180
2.86,2.14,2.14,0.86,4.29,64.29
16.67,3.33,6,2.33,11.67,216.67
120,0.2,2,4,20,92.43
5,3.84,7,4,8,104
3.75,1.75,7.5,5,10,185
3.33,3.33,3.33,1.67,10,133.33
6,4,4,1,4,60
3.75,1.25,3,2,10,137.5
75,2.5,5,2.5,6.25,101.32
3.75,0.5,2.5,2.5,3.75,87.5
3.33,0.33,8.33,4.33,11.67,123.33
125,3.75,5,5,32.5,50
6,2,4,5,8,160
30,6,8,3.5,17.5,225
10,7.5,9,3,15,230
5,3.75,3,1.5,5,115
3.33,1.11,1.67,0.67,3.33,55.56
5,2.5,2.5,1.67,5.83,125
3.33,2.5,2.5,1.67,5,86.67
6.25,2.5,8.75,5,10,75
142.5,2,3.5,3.5,2,44
250,1.5,6,3.5,10,5
3.75,2.5,5,1.75,5,16.25
20,5,7.5,2.5,15,200
1,1,0.4,1,2,40
1.25,5,1,0.75,5,87.5
100,2.5,1.17,0.83,3.33,126.67
2.5,1.25,2.5,0.75,5,42.5
0.4,0.6,1,0.4,2,40
10,5,5,3,10,200
150,2.44,5,1.67,8.33,6.67
7.5,2.5,3.75,1.5,5,162.5
1.17,1,1.67,0.83,2.5,20
2.5,1.25,1.25,3.75,2.5,146.67
1.67,4,5,1,8.33,120
75,3.75,3.75,2.5,1.25,75
1.25,2.5,3.5,1.25,3.75,75
200,4.17,6.67,5,13.33,65.83
5,2.5,7.5,2.5,10,200
2,1,1,1,3,48
7.5,5.79,5.5,9,7.5,150
2.5,2.5,5,1.5,9,75
1.25,3.33,6.25,2.5,6.25,140
12,2,3,1.4,8,120
100,1.1,2.4,4,5,140
2.5,1.25,2.5,3.75,6.25,150
3.75,4.5,5,3,10,95
1.25,3.75,10,2.5,10,175
10,2,2,2,10,100
2.5,1.25,8.75,3.75,7.5,55
2,0.6,2.4,1.6,4,72
2.5,4,6,2.5,7.5,30
3.75,1.13,2.5,1,3.75,150
110,8,9,5,12.5,365
80,1.35,2,2,4,80
2.5,0.83,4.17,2.5,5,108.33
10,4,4,4,10,60
16.67,2.92,10,5,16.67,100
5,5,5,5,10,125
5,1.5,7.5,2.5,12.5,300
1.33,1.67,1.67,1,2.67,116.67
6,4,4,3,12,160
0.75,1.25,1.25,1.5,2.5,27.5
233.33,6.67,6.67,3.33,6.67,6.67
125,0.67,11.67,3.33,13.33,86
20,4,5,2,15,75
14,1.2,4,5,4,140
5,7.5,5,5,10,180
3.33,6.67,6.67,1.67,20,186.67
60,0.91,1.2,1.2,2.4,3.25
5,0.5,7.5,3.75,12.5,135
100,1.25,3.75,1.25,6.25,25
7.14,3.57,2.14,0.57,2.86,78.57
4.17,1.67,3.33,0.83,3.67,86.67
6.25,1.25,3.75,2.5,6.25,145
12.5,2.5,2.5,2.5,6.25,175
112.5,5,3,1.25,5.5,154
73,0.6,2,4,2.4,60.4
5,1.67,2.5,1.67,3.33,116.67
1.33,0.83,1.67,0.83,2.5,60
300,10,2.5,3.75,2.5,47.5
5,2.5,5,2.5,5,105
2,3.75,6.25,1.25,12.5,100
42.86,1.43,0.43,0.71,2.86,89.71
13.33,3.33,1.67,3.33,10,260
12.5,1.25,6.25,2.5,7.5,70
5,2,7.5,5,8.75,97.5
3,5,5,3,20,150
5,1.33,5,2,6.67,153.33
5,2,6,1.5,7.5,190
6.67,5.33,3.33,3.33,3.33,123.33
3,2.5,3,4,8,110
3.33,0.83,1.67,3.33,3.33,116.67
1.75,3.75,2.5,1.25,12.5,145
166.67,6.67,10,6.67,16.67,155.09
200,1.25,2.5,1.25,3.75,50.5
310,33.33,16.67,10,20,178.33
2.5,8.8,7.5,5,25,225
150,0.75,4,1.25,6.25,200
80,0.6,3,0.6,5,30
12.5,5,3.75,1,5.5,200
12.5,6.67,1.25,1.25,7.5,182.5
125,3,3,1.5,7.5,259
5,2.5,1.5,1.5,7.5,180
5,5.4,7.5,5,12.5,55
150,4.15,3,5,5,165
1.33,0.67,1.67,1,3.33,56.67
4.17,2.5,0.83,0.83,6.67,100
2.5,0.91,4.17,1.67,3.33,126.67
130,2,3,2,6,171.2
5,3.75,1.25,0.75,5,175
5,1.25,3,2.5,7.5,150
50,1.67,6.67,2,8.33,283.33
1.25,2.9,2.5,3.75,8.75,100
83.33,2,1.67,3.33,16.67,40
7.5,1.5,6.25,6.25,12.5,200
5,0.29,3.57,1.43,4,88.57
1.75,1.5,5,2.5,10,290
10,6,12,8.5,10,300
6.25,1.75,3,3,6.25,91.25
2,2.4,3,1,3.6,50
87.5,1.5,1.25,1.75,3,25
300,10,15,12.5,25,205.27
18.75,2.5,3.75,3.75,37.5,5
2,1,1,0.6,2,40
150,3.3,0.75,1.25,5,142.5
10,5,6,2,10,133.33
10,2,4,10,8.33,200
7.5,5,1.25,1.25,5,90
1.5,1,2.5,1,5,175
6.67,2.52,10,3.33,106.67,340
3.33,6.67,6.67,2,20,183.33
285,6.5,5,1.5,9.5,327.75
2,5,2.5,2.5,7.5,200
2.5,2.5,3.75,2.5,7.5,150
90,0.83,5,3.33,33.33,98.44
20,10,20,15,25,150
5,3.5,7.5,7,10,160
300,5,1.5,5,7.5,166.67
3.75,4.25,3.75,3.75,8.75,150
300,7.5,3.5,2.5,14,224
5,2.6,7,5,10,80
200,1,5,1.5,10,232.5
7.5,5,7.5,5,20,200
7.5,0.5,0.25,0.75,1,35
1,5,7,7.5,12.5,175
5,2.5,7.5,2.5,12.5,200
10,2.5,3.75,1.5,7.5,100
8.33,3.33,3.33,1.67,8.33,66.67
200,5.76,1.67,16.67,6.67,255
7.5,1.25,3.75,3.75,2,136.25
167.5,2,2,2.5,5,175
3.5,2,7.5,3,15,182.5
6.67,6.67,5,3.33,11.67,250
116.67,4,3.33,1,5,61.25
8.33,1.67,13.33,5,15,195
3.33,1.67,5,1.67,8.33,333.33
7.5,7.5,7.5,5,17.5,350
300,5,15,5,20,275
6.25,2.11,4.5,2.5,6,145
3.33,1.67,1.17,2.5,3.33,50
25,3.75,5,5,15,300
3.33,1.33,1.67,1,4.17,50
10,3.5,12.5,5,22.5,395
1.5,0.5,1.5,1,5,50
6.25,1.5,6.25,5,8.75,182.5
1,1,1,0.67,2.17,58.33
2.5,1.43,3.75,1.25,4.25,57.5
4,1,2,1,2,60
2.5,3.13,0.75,1.25,0.75,153.75
165.6,1.5,7.5,1,10,300
3,3,3.5,3,7,375
116.67,3.33,3.33,3.33,8.33,144.74
2.5,1.5,5,1.25,3.75,100
1.71,5,6,2,12.5,112.5
125,3,4.25,5,18.75,97.22
3.33,1.33,2.67,3.33,5,150
7.5,5,5,10,10,175
3.61,0.67,1.67,1.67,3.33,90
115,2,6,9,5,225.5
5,3,2.5,2.5,6.25,75
0.5,3.5,1,1.5,6,140
4,7.5,15,5,35,375
5,5,10,5,10,275
7.5,5,7.5,2.5,12.5,225
100,3.75,2.5,1.25,12.5,153.95
5,2.5,3.75,2.5,10,237.5
3,2.5,3.5,2,6,375
1.67,8.33,4,6.67,13.33,150
1.67,1.33,3.33,1.67,2,43.33
75,6,6,5,9,166.67
5,0.5,1.5,4,6.25,125
4,2,2,1.2,7,180
250,7.5,4.5,2.5,10,289.25
3.75,2.5,2.5,1,5,90
7.5,15,1.5,2.5,10,180
2,0.4,1.2,1,6,112
3.75,3.75,3.75,2.5,5,100
150,2.5,2.5,1.25,6.25,174.25
1.75,1.5,1.5,1,3.5,187.5
300,3.89,10,7.5,20,274.45
2.5,2.5,7.5,1.25,15,140
1.67,1,2.67,0.67,5,86.67
1.67,3.42,5,3.33,8.33,50
1.43,2.14,2.14,0.71,2.57,35.71
10,3.03,6.67,3.33,20,293.33
6,0.6,3,1.6,6,90
5,2.5,3,5,7.5,190
120,2.3,3,4,4,105
5,5,3.75,2,10,180
190,0.4,2.4,2,1,36
12.5,2.5,5,3,7.5,190
2,3,2.4,1,9.6,44
2.22,1.11,4.44,0.56,5.56,88.89
175,5,2.5,1.25,7.5,142
125,1.25,3.75,1.25,5,125
5,7.5,2.5,2.5,15,300
100,3.33,4,5,5,162.5
1.5,5,2.5,12.5,12.5,280
1.75,1.25,2.5,2.5,3.75,137.5
1.25,0.75,2.5,1.25,2.5,65
3.33,1.33,5,2,8.33,123.33
2,0.6,3,0.6,4,120
66.67,0.67,2.5,0.67,3.33,83.33
125,0.33,1.67,4.17,2.5,2
11.25,1.5,2.5,1.25,5,112.5
10,2.4,3.2,1,8,74
75,1.25,3,1.5,5,2.5
12.5,5,5,5,3.75,137.5
5,1,2.5,2.5,7.5,360
2.5,3.75,2.25,1.5,3.75,91.25
3.5,1.6,2,0.6,2,40
3.33,16.67,1.67,1.67,13.33,233.33
6.88,3.75,1.5,5,3.75,75
5.4,2.4,7.4,4.4,9,100
4,2,5,5,13.33,243.33
1.25,1.5,3,1.5,6.25,75
3.33,3.33,10,3.33,13.33,266.67
3.75,6.25,2.5,1.25,3.75,45
8.33,6.67,8.33,8.33,6.67,240
137.5,2.5,1.25,1.25,5,83.88
78.57,4.29,2.14,1.43,5.71,96.43
2.5,6.5,6.25,5,12.5,175
1,1.6,1,1.6,4,60
3.33,10,1.67,1.67,10,166.67
4.38,2.5,3,2.5,6.25,75
75.71,1.43,2.57,2.86,2.86,43.33
2.14,0.86,2.14,1.43,2.86,51.43
2.5,3.75,3.75,1.25,3.5,50
10,3.1,2.4,4,4,95
10,12.5,7.5,7.5,10,300
6.67,1.67,5,1.67,6.67,126.67
3,2.5,2.5,1.5,6,350
100,1,3,0.6,4,95
75,1.25,1.25,0.75,3.75,184.63
2,3,5,2,7,36.6
2.5,2.5,2.5,1.25,2.5,100
91.67,1.33,3,5,2.5,56.5
46.25,1.67,1.67,0.83,6.67,155
1.25,1.5,1.5,0.75,3.25,137.5
25,7.5,5,2.5,10,350
9.55,7.5,1,5,15,100
3.33,3.33,5,1,13.33,266.67
2,4,2,3,3,70
75,0.75,3.75,1.5,5,3.75
2.5,2.5,1.25,2.5,15,200
5,7.5,10,4,15,400
2,1.2,1.4,0.6,3,90
5,3.33,3.33,3.33,6.67,133.33
4,3,3.4,1.2,3.6,92
120,1,2,2,20,90.1
0.5,0.83,0.5,0.5,1.67,58.33
3.5,5,2.5,1.5,12.5,180
2.5,1.25,3.75,2,6.25,180
119.17,0.5,1.25,1.25,6.25,112.5
166.67,4,2.67,2,6.67,317.33
1.25,1.25,2.5,1.25,5,30
6,4,5,2,8,180
100,1.67,1.67,3.33,2.5,66.67
3.25,8.33,3.33,2.33,8.33,266.67
91.67,0.5,1.67,2.5,1.33,0.5
6.25,2.5,3.75,2.5,5,125
7.5,1.5,10,5,20,270
200,10,1,1,9,39
1,1,0.6,0.8,4,120
1.25,1.5,2.5,2.5,7.5,87.5
12.5,7.5,2.5,1.25,5,100
3.75,1.5,2.5,1.25,3.75,35
3,5,12,8,10,200
25,0.5,6.25,2.5,5,5
3.75,2.5,2.5,2.5,5,90
2,0.63,0.75,0.5,3.75,75
2.5,10,8.5,6,15,300
2,4,3,3,2,44
3.33,3.51,5,1.67,13.33,121.67
15,2.5,3.75,1.25,5,165
3.33,5,0.67,1.33,1.67,46.67
100,0.6,3,1,3,63.33
62.5,1.25,1.25,1.25,2.5,1.25
4,2,3,1,3,70
4.17,1.59,3,1.67,4.33,100
2.5,10,15,7.5,30,300
1.63,3.5,5,5,6.25,150
80,1,1.67,1.67,5,132.35
200,6.17,5,10,10,156.67
6.67,2.72,5.67,2,6.67,153.33
125,1,2.5,2.5,5,5
3.57,0.71,0.86,0.71,2.86,51.43
66.67,1.11,1.67,1.11,2.22,5.56
10,2,16,4,10,100
6,1.47,4,7,4.8,176
10,1.6,3,1.2,5,24
3.75,1.63,7.5,3.75,10,92.5
3.33,1.67,1,1.67,6.67,100
1.82,2,4,2,4,100
1.33,2.24,2.67,1.33,2.67,60
5,5,6.67,2.67,13.33,200
5,2,3,4,7.5,110
1,1,2.5,0.75,7.5,95
2.5,7.5,7.5,5,12.5,187.5
75,0.5,1.5,1.75,3,5
1.2,0.8,1,0.4,1.4,70
2.5,0.75,1.25,2.5,3.75,150
2.14,0.71,0.86,1.43,2.86,71.43
5,3.33,6.67,6.67,10,133.33
6.25,2.5,2.5,2.5,2.5,80
0.4,3,3,1.2,14,80
5,3,3,2,6,70
4,0.4,2,0.8,3,140
2.5,2.5,1.25,1.25,7.5,175
7.5,5,7.5,5,10,170
2,2,4,2,6,300
7.5,5,7.5,10,30,350
3.33,1.67,1.67,1,3.33,83.33
2.4,1,1,0.8,5,124
5,2.5,6.25,3.5,9,92.5
133.33,6.67,8.33,5,10,259.26
1,2.6,2.6,2,7,80
3.75,5,7.5,6.25,10,150
1.25,0.5,1.25,1.25,5,87.5
1.67,1.67,3.33,1.67,6.67,66.67
250,5,3,5,10,636
72,2,2,4,10,46
1.67,1,1.67,1.67,3.33,200
175,12.5,7.5,5,10,347.22
1.25,12.5,2.5,5,12.5,250
275,5,12,11,12.5,3.25
5,1,4,0.33,5,125
1,1,3,1,2,56
3.33,4.67,0.67,3.33,8.33,126.67
150,1.25,1.25,3.75,25,40.1
0.75,0.5,2.5,0.75,5,87.5
100,4,2,1,4,85
125,2.5,7.5,2.5,8.75,5
75,0.56,0.83,0.83,2.67,1.67
1.67,1.67,1.67,2.67,5,66.67
10,10,10,5,20,360
5,5,7.5,2.5,15,350
230,15,6,5,12.5,256.25
110,1.4,5,5.4,3.8,0.8
20,10,10,5,15,400
0.8,0.6,1.2,1,2,22
10,2.85,7.5,5,14,280
2.5,8,7.5,5,15,200
1.29,1.71,2.14,2.14,3.57,107.14
437.5,7.5,5,2.5,7.5,65
0.4,2,1.6,0.8,4,60
3,1,3,3,10,100
400,1.5,4,7.5,7.5,15
150,3.64,2.5,5,5,7.5
140,4.5,9,3,11.25,116.88
1,1.25,1,1.5,3.75,45
5,2,3,1.5,7.5,75
0.75,1.25,2.5,1,3.75,62.5
180,1.25,0.5,1.25,0.5,94.45
3.33,1,2,1.33,5,93.33
0.6,1,1,1,3,22
2,0.4,2,0.4,2,72
300,2.5,10,1.5,12.5,125
6.67,3.33,6.67,2.67,6.67,133.33
10,10,12,5,15,360
4,1.5,9.6,4,9,117
1.67,1.67,1.67,1.67,3.33,100
8,3,4,2,8,120
75,1,2,2.5,2.5,3.75
6,1,2,4,6,100
0.29,0.29,0.57,0.57,1.43,25.71
3.33,5,5,3.33,6.67,230
100,0.4,1.2,4,5,17.33
2.86,2.14,2.14,0.86,5,78.57
3,3,3,2,10,140
12,7,3,2,10,365
5,0.4,0.4,0.4,2,36
100,0.57,2.14,0.71,3.57,92.86
2.5,1.5,3,1.67,3.33,55
150,6.25,2.5,5,2.5,41.25
5,2.95,3.6,2,4.8,116
150,0.5,6.25,1,7.5,3.75
37.5,2,4.5,9.5,10,182.5
10,10,3.33,3.33,5,120
15,50,10,1,30,400
7.5,3.47,5,3.75,16.25,200
3.33,1.33,1.33,1.33,3.33,266.67
3.57,4.29,2.86,2.14,4.29,128.57
120.83,1.67,2,5,10.83,120
13.33,5,5,1,5,120
3.33,3.33,10,3.33,20,266.67
90,7.5,2.5,4,5,71.5
2.86,2.86,2.14,1.14,5,71.43
6.67,0.67,2.33,1.67,10,123.33
1,1,2,3,7,76
4.29,0.57,1.43,4.29,3.57,100
12.5,7.5,3,10,15,275
3.33,6.67,3.33,1.67,8.33,266.67
3.33,0.67,2.5,0.5,3.33,66.67
200,7.5,2.5,1.75,7.5,166
225,7.5,15,5,20,189.21
3.33,1,3.33,0.67,6.67,150
8.33,2.19,6,3.33,10,233.33
3.44,0.5,1.25,1.25,5,125
150,3.33,5,3.33,6.67,33.33
5,1.67,2.5,3.33,5,83.33
300,3.75,20,15,40,175.75
6.67,8.33,3.33,5,10,333.33
17.5,2.5,5,2.5,12.5,280
10,2.5,5,5,12.5,360
41.67,1.17,0.83,0.67,2.5,83.5
250,2.5,5,5,5,133.84
5,2.5,7.5,7.5,10,200
15,10,7.5,2.5,10,400
2.5,1.67,1.67,1.67,5,66.67
5,1.5,1.5,2.5,12.5,90
100,0.83,2.5,2.83,10,50.33
7.5,10,7.5,10,20,225
150,5,6,7.5,7.5,272.22
4.17,2.92,2.5,5,3.33,91.33
3.75,3.75,2.5,2.5,2.5,180
62.5,2.5,5,1.75,6.25,10
1,2,0.6,0.4,2,36.4
1,0.6,1,1.2,2,40
3.33,1,6.67,1,10,166.67
132.5,1,0.5,2.5,6,168.75
108.33,0.83,0.83,1.67,0.83,60
233.33,6.67,4,2,10,189.67
2,1,1,1,6,120
100,2.12,1.6,1,6,95.56
1.75,1.25,2,3,7.5,95
3,1,4,3,8,144
5,2.5,3.75,2.5,5,175
1.5,1,1.5,2.5,10,47.5
200,1,2.67,2.67,5,122
7.5,6,5,7.5,20,200
200,0.88,7.5,1.75,6.5,6.75
8.33,3.33,13.33,8.33,16.67,166.67
0.25,0.5,1,1,1.25,45
7.5,40,5,10,17.5,250
25,6,7.5,5,17.5,225
5,10,10,5,12.5,200
10,3,5,5,10,200
200,8.33,6.67,16.67,23.33,87.5
2.5,3.75,1.5,2.5,7.5,187.5
3.33,1.67,3.33,1.67,5,83.33
125,0.75,1.25,2.5,3.75,2.5
10,1.5,5,2.5,6,105
100,1.17,4.17,3.33,3.33,14.27
2,1.25,2.5,1.25,3.75,82.5
1.67,3.33,3.33,5,5,120
60,1.67,1.67,3.33,5,257.89
3,4.8,1,1.2,4,120
3.33,3.33,10,1.67,10,200
6,1.2,2,4,12,120
16.67,0.67,1,1.33,8.33,116.67
4.03,3.82,5.25,2.5,7,152.5
150,1.25,2,2,3.75,75.63
76,0.8,3,0.8,4,60
0.33,0.5,0.67,0.33,1.17,30
10,3.33,6.67,1.67,13.33,266.67
4,3,3,2,6,140
41,6,5,2,5,120
6.67,1,3.33,1,6.67,216.67
1.43,0.71,1.43,0.71,1.71,51.43
6,2.48,4,3,8,160
3.5,2,9,9,14,210
2.5,15,10,5,15,300
5,5,6.67,5,10,273.33
120,20,3,2,10,172.5
1.67,0.33,2.5,0.5,5,58.33
0.5,0.83,0.83,0.5,1.67,25
6.67,3.33,6.67,5,10,166.67
120,3,2,1,4,56.6
5,1,7.5,5,10,200
83.33,1.67,2.5,1.33,5,4.45
5,1.5,2.5,5,15,150
1.2,0.4,1.2,0.2,1.2,100
1.25,1.25,1.25,0.5,2.5,50
1.67,3.33,8.33,5,11.67,133.33
1,1.25,0.75,1.5,2.5,25
5,3,1.2,2,5,80
2,2,2,2,8,60
100,10,3.33,6.67,10,113.67
8.33,4.27,6,3.33,8,126.67
75,3.75,2.5,2.5,5,55.53
1.75,1,3,1.25,3.75,90
4.29,2.86,2.86,1.43,5.71,157.14
146,1.4,2.8,2.4,2.4,36.27
0.29,0.43,0.71,1.43,3.57,77.14
25,3.5,4,10,5,350
37.5,1.25,2.5,1.25,2.5,165.44
2.5,0.75,3.75,1,3.75,100
133.33,4.24,5,5,6.67,180
0.63,1.88,0.25,0.5,1.25,17.5
4.5,1.5,2,6.25,7.5,125
75,1.81,1.25,5,5,127.78
125,0.5,3.75,1.5,6.25,97.5
1,0.6,2,1,6,36
4,1,3,0.6,5,90
6.25,1.25,3.75,3.75,6.25,125
10,5,5,5,10,150
4,1.6,2.4,5,6,120
5,1.67,2,1.67,8.33,50
7.5,2.5,6,5,15,350
6.67,5,1.67,3.33,8.33,316.67
150,0.75,2,2.5,3.75,12.5
150,2.5,1.67,5,21.67,40.21
5,2.5,2.5,2.5,15,280
2.5,1.33,1.67,1.17,5,50
0.71,0.71,2.14,1.43,2.14,62.86
300,2.81,10,3.13,7.5,57.81
110,1,4,0.6,5,65
83.33,2.27,3.33,3.33,8.33,133.33
4,2,4,1,6,116
150,0.5,1.5,1.75,3.75,70
110,2,2,2,2,75
1.63,0.63,1,1,3,18.75
100,2.5,3.75,2.5,5,12.5
1.25,1.25,2.5,1.25,5,75
0.71,2.14,0.29,1.43,2.14,42.86
162.5,5,2.5,0.75,6.25,148.7
3,2.9,8,3,8,110
2.45,2.4,4,4,5,96
3.75,0.75,2,1,5,135
16.67,5.33,5,2,10,133.33
7.73,5,7,7.5,7.5,200
5,2.25,5,3,7.5,325
6.67,3.33,10,3.33,13.33,266.67
6.25,1.88,7.5,3,7.5,180
100,3.05,1.67,5,5,117.5
2.5,4,4.8,4,20,120
375,12.5,7.5,7.5,20,106.25
5,1.6,1.2,1,5,144
1.67,0.5,1.33,0.33,2.5,58.33
1.5,3,4,2.5,3,90
1.5,1.5,3,4,8,76
10,1.25,3,6,3,90
7.5,1.25,2.5,1.25,5,75
3,6,15,10,30,250
0.75,2.5,2.5,0.75,7.5,75
12.5,4,3.75,2,8.75,100
3.33,0.83,5,3.33,6.67,43.33
166.67,1.1,1.17,0.83,3.33,40
116.67,3.33,2.67,1.67,11.67,195.33
3.33,1.67,6.67,4.17,8.33,66.67
4,10,2.4,1.2,5,90
2.14,1.43,1.43,2.86,4.29,78.57
212.5,0.75,2.5,3.75,3.75,2.5
92.86,2.5,5,5,50,100
4,1.6,3,1.2,10,140
1.25,0.75,1.75,0.75,4.5,36.5
3.75,2,5,2.5,7.5,75
16.67,3.83,3.33,5,15,150
2,2.5,2,1,4,150
6,6,3,2,8,200
150,1.5,4,5,7.5,5
200,3.33,6.67,10,16.67,6.67
500,10,12.5,7.5,15,12.5
6.5,0.4,0.8,0.8,2,50
100,5,8.75,3.75,10,237.5
3.33,1.67,5,2.67,10,120
5,0.75,3.75,1.25,5,175
3.75,1.25,2.5,1.75,5,92.5
150,3.5,6.25,7.5,7.5,132.5
15,3,5,2.5,12.5,200
10,2.5,17.5,2.5,20,250
166.67,8.33,10,10,16.67,131.93
150,8.75,6.25,2.5,20,152.5
5,5,5,3.33,6.67,60
3,0.6,2,0.8,4,90
200,2,8.33,16.67,16.67,151.67
116.67,5,1.33,1.33,4.67,104.33
5,0.5,1.25,1.25,2.5,45
6.67,3.33,8.33,3.33,16.67,183.33
12.5,2.5,3.75,2.5,5,112.5
0.6,1,2,1,2,80
60,0.4,2.4,1,3,10
2.5,1.57,6.25,2.5,10,92.5
100,1.25,2.5,2,2.5,2.5
1.67,1.33,3.33,1.33,13.33,250
5,3.75,5,5,5,100
1.67,0.5,3.33,0.83,5,75
300,2.5,5,10,60,180.34
0.91,0.43,1.82,1.82,4.55,36.36
200,1.67,1.67,3.33,30,33.61
50,2.02,3.57,0.71,4,53.07
0.5,0.5,1.25,0.5,1.75,37.5
2.5,3.75,2.5,1.25,6.25,150
1,1,1.67,1,3.33,50
7.5,1.25,2.5,5,7.5,112.5
100,1.33,3.33,1.67,6.67,66.67
141.67,1,3.33,1,6.67,100
1,2,1,0.4,2,28
0.5,0.5,1.25,0.75,5,123.75
2.5,5,6,3,6,180
2.5,5,2.5,1.5,15,300
3.33,5,3.33,3.33,6.67,250
3,1.2,8,3,8,116.8
5,5,5,2.5,10,350
2.78,1.44,2.22,0.56,1.67,84.44
0.6,0.9,1.6,0.8,2,70
2.5,2,3.33,1.33,4.17,125
25.6,0.4,1,0.6,3,36
12.5,2.5,10,10,10,465
0.75,0.25,3.75,0.25,5,135
1.25,0.75,4.25,0.75,6.25,50
15,7.5,7.5,3,15,200
4.17,1,5,1.17,5.33,118.33
56.2,1,5,2.5,7.5,250
3.57,0.43,0.71,0.86,2.14,51.43
83.33,0.56,1.11,1.11,1.67,80.22
10,10,15,10,15,350
8.33,3.33,5,1.67,8.33,116.67
10,1,2.5,7.5,5,200
8.33,1.67,3.33,2.5,10,116.67
1,3,1.67,1.67,3.33,42
1.67,1,1.33,1.17,3.33,50
110,1.2,4.8,4,6,65.2
13.75,0.75,0.75,2.5,3.75,180
1,1.33,3.33,2,4.17,60
4,0.8,4,0.8,5,140
4,4,3.6,3,7,150
7.5,2.5,2.5,2,10,180
200,8.33,12.67,3.33,16.67,10
0.75,1.25,1.25,3.75,6.25,97.5
8.33,3.33,3.33,1.67,6.67,116.67
2.5,5.5,6.25,5,12.5,175
325,10,24,2.5,30,100.5
5,5,3,7.5,12.5,250
100,2,1.67,1.67,10,120.83
2.5,1,5,1.5,8.25,65
2,1,1,1,4,140
10,5.5,9,15,11,274
5,5,5,5,15,120
12.5,5,3.75,2.5,5,100
150,0.6,1,1.4,6,40
2,1,2,2,2,80
5,2.5,17.5,7.5,22.5,275
1.25,1.25,1.5,1.5,5,50
1.67,0.67,0.83,1,3.33,90
2.5,1.25,2,2.5,5,87.5
3.33,1.67,2.5,1.67,3.33,83.33
275,7.5,3.5,1.5,7.5,255
3,3,4,3,6,108
0.4,1.2,1.2,1.2,5.6,40
2,1,7.5,3.5,7.5,195
100,0.83,1.33,2,2.5,4.17
5,2.5,5,15,20,250
0.71,0.43,0.71,0.71,2.14,25.71
83.33,0.83,1.33,3.33,3.33,1.79
1.25,1,1.25,4,5,175
2.5,1.67,1.17,1.67,1.67,36.67
162.5,2.5,2.5,0.75,6.25,104.13
4,0.6,8,1,8,148
3.33,0.67,2.5,0.83,4.17,116.67
171.43,1.2,0.71,1.07,3.57,52.38
2,0.6,1,0.6,8,40
70,1,2,2,10,6
1.5,2,7.5,3.5,10,165
2,2.33,1.67,1.67,4.67,200
240,5,3.6,3,5,73.33
2.5,1,1,1,3.75,75
1.25,0.75,2.5,1.25,3.75,100
0.5,0.63,0.63,0.5,1.25,45
66.67,0.67,1.67,2.67,5,1
1,2.83,3,3.33,8.33,63.33
85.71,0.59,7.14,2.86,5.71,57.94
100,7.5,10,5,10,418.42
6,2,5,2,6,120
50,0.67,2,1,2.5,1.11
5,1,2.5,0.83,5,50
2.5,1.33,1.17,1.67,2.5,105
5,3.75,5,2.5,10,187.5
6.25,1.25,15,2.5,10,175
7.5,3.75,12.5,7.5,12.5,112.5
12.5,7.5,5,7.5,10,62.5
1.67,6.67,4,3.33,8.33,116.67
5,5,3.75,5,5,150
5.71,1.14,2.14,1,4.29,71.43
7.5,1,3.75,1.25,5,137.5
15,2.5,5,2.5,5,200
180,4,3,2,6,114.5
75,0.75,3.75,0.75,5,142
10,7.5,7.5,2.5,12.5,175
1.25,5.13,3.75,2.5,7.5,125
71.88,1.25,2.5,4,5,200
4.17,2.5,1.67,1.33,5.83,91.67
100,1,3,1,5,31.5
183.33,3.33,10,7.33,6,1.67
3.75,5,1.75,1.25,4.5,228
2,1.6,2.4,4.6,3.6,73
150,16.92,6.25,1.25,6.25,2.25
133.33,6.67,8.33,6.67,10,294.74
100,0.6,3,5,16,40.6
1.25,0.5,1.88,1.88,5,97.5
15,5,12.5,7.5,15,200
5,3.75,2.5,1.5,8.75,150
10,5,7.5,4,10,240
6,5,3,4,6,90
208.33,1.67,5,4,6.67,3.33
1,0.75,2.5,2.5,5,30
2,0.8,0.8,1.2,3,50
5,1.67,2.5,1,5,66.67
1.25,3.75,7.5,1.5,15,125
2,3,3,3,5,114
110,3,1.6,0.8,4,106.2
0.2,0.4,2,1,6,70
3.13,4.38,1.25,0.63,3.75,91.25
3.33,2.5,1.33,0.83,5,76.67
6.67,3.33,5,1.67,6.67,53.33
200,2.5,5,5,7.5,150.74
0.83,0.67,0.5,0.5,1.33,63.33
136,5,2,1,6,44.2
1.67,0.67,3.33,1,6.67,66.67
300,8.33,5,3.33,10,125.33
6.67,3.33,10,3.33,10,266.67
9,2.5,7.5,10,12.5,550
175,1.67,2.5,5,2.5,11.25
3.75,1,1.5,5,7.5,150
216.67,6.67,3.33,1.67,6.67,187.87
4.17,1.39,3,1.67,5,116.67
66.67,10,2.67,2.67,5,164.44
375,20,8.75,5,15,141.5
3.33,2,6.67,1.67,10,166.67
6,2,4,2,12,120
2.25,0.9,0.6,0.4,2,60
62.5,1.25,1.25,1.25,5,106.58
3,0.8,3,4,3.6,52
175,2.5,7.5,2.5,8.75,128.68
42.86,0.86,0.43,2.57,5.14,46.64
1.25,0.75,2,1.25,2.5,65
175,5,3,1.25,6.25,101
75,5,1,1,7.5,91.95
2.5,1.25,2.5,5,12.5,137.5
2.5,3.33,4.17,2.5,5,125
7.5,1,2.5,1.5,5,150
6.67,5,5,2.67,10,166.67
2.86,0.5,3.71,2.14,5,85.71
1.36,2.5,4.5,1.67,5,83.33
180,0.4,6,1.6,6,82
44,5,2,4,7,100
40,0.4,1,2,1.6,108.8
6,4,3,4,4,108
1.67,3.33,1.67,1.67,3.33,28.33
1.5,5,5,2,20,200
233.33,1.67,6.67,16.67,20,103.7
2,12.5,15,10,25,290
7.5,1.88,1.25,5,2.5,50
2,1,2,3,6,148
116.67,3.07,1.67,6.67,10,177
0.4,1,3,1,4,80
250,2.5,10,2.5,12.5,215
2.14,1.43,0.71,2.14,5,62.86
1.5,0.61,1.13,0.63,2.25,28.75
2.5,1.25,9,2.5,10,100
2,1.6,10,1,12,160
6.67,1.67,2.5,1.67,5,61.67
100,5,1,1,3.33,101.11
0.92,0.75,0.75,0.75,3.75,50
5,1,2,1,6,140
2.5,0.4,3,2.6,0.4,8
6,1,3,2.6,10,140
6,2,2,4,10,80
3,1,2,2,5,112
80,2,1,1,4,130
5,1.5,2.5,2.5,5,150
12.5,6.25,3,1.25,7.5,187.5
172.38,25,15,8.33,33.33,300
100,4,10,4,4,4
5,2.5,5,2.5,5,120
66.67,1.67,0.83,0.83,8.33,8.17
1.88,1.25,3.13,1.88,4.38,186
70,2,2,1,4,64.42
2,2,3,2,3,66
5,5,3.33,1.67,6.67,116.67
400,13.33,3.33,5,15,85.61
200,3.33,5,1.67,10,102.11
8,0.4,0.8,4,2.4,112
3.6,1,5,1.4,4,60
0.83,0.33,1.67,1.67,5.83,125
5,2.5,7.5,2.5,7.5,150
216.67,0.67,1.67,1,6.67,100
58.33,1.08,1.67,2.5,1.67,13.53
10,0.67,2,5.33,5,133.33
2.5,5,12.5,7.5,25,250
1.25,0.5,5,3.25,3.75,187.5
0.88,1.88,1.88,1.25,6.25,75
64.29,0.57,2.14,0.57,2.14,94.29
2.5,1.5,15,2.5,12.5,175
1.67,2,3.33,1.67,5,36.67
1.25,4.15,5,3.75,11.25,125
5,3.75,3.75,1.25,5,91.25
0.4,1,0.6,1,4,60
8,0.6,3,2.8,5,110
1.67,0.67,1.33,1,5.67,116.67
3,1.35,4,1.4,5.6,112
1.67,1.33,1.33,1,1,126.67
3.75,1.25,3.75,1.75,5,100
8.33,3,5,3.33,5,183.33
1.25,3,3.75,3.75,8.75,125
8.33,10,2.5,0.83,5,150
2.5,12.5,7.5,10,10,190
45,1.25,1.25,2,3,2.33
6.25,2.76,4,5,4.5,91.25
300,5,12.5,2,15,10
57.14,4.29,3.57,4.29,3.57,54.14
2,1,4,1,8,120
0.83,0.67,3.33,1.67,8.33,91.67
5,0.75,2,0.75,2.5,50
550,16,20,25,7,50.5
166.67,2.48,1.67,1.67,2.5,102.5
400,2,2.5,2.5,25,135
3.33,3.27,4.33,9.33,5,98.33
125,5,10,7.5,10,145
12.5,5,4,1,7.5,150
5,4,5,7.5,7.5,125
8,2,4,1.2,6,72
5.83,1.67,0.83,0.5,4.17,83.33
90,2.5,2.5,1.25,12.5,118.75
166.67,8.33,3.33,1.67,3.33,15
75,1.25,1.25,2.5,5,153.95
2.5,11.25,1.25,0.63,6.25,137.5
7.5,1.5,2,4,12.5,212.5
2,1,2,1,3,30
3.5,1.5,3,1.5,5,75
300,3.33,3.33,3.33,13.33,222.81
5,2.5,5,1.25,7.5,200
2,2,3,5,3,72
5,2.5,4.17,1.67,5.83,91.67
37.5,1.25,1.88,1.25,1.88,5
2.5,1.5,1.5,2.5,40,450
300,7.5,5,4,10,331.58
3.75,0.75,2.5,0.75,3.75,100
2,3,3,1,4,144
6.25,3.75,5,2.5,7.5,87.5
2,2.5,1,1,2,50
2,1,1.33,3.33,5,266.67
6,2,6,2,8,160
50,0.6,1.67,3.33,5,66.33
1.67,1.67,1.67,1.67,3.33,66.67
1.25,1.56,3,1.25,6,90
210,7.5,5,5,10,7.08
2.5,0.75,2.5,1.25,5,175
0.29,1.1,0.14,0.29,0.14,57.14
1.9,2.86,3.57,1.71,4.29,85.71
3.75,1.3,12.5,6.25,11.25,182.5
3.75,10,2.5,2.5,15,275
1.2,1,1.2,0.8,2,90
100,0.75,1.25,1.5,2.5,1.5
12.5,5,5,2.5,10,150
1,2.88,3,2.4,6,90
7.5,2.5,5,2.5,5,175
1.25,2.17,7.5,3.75,10,91.25
1.67,2.5,2.83,1.33,4.17,166.67
60,0.4,2.4,0.6,3,1.47
200,7.5,7.5,2.5,7.5,20
75,5,2,1.25,2.5,35.56
125,2,2.5,2.5,3.75,26.88
233.33,6.67,3.33,1.67,6.67,185
0.67,0.83,0.83,0.5,1.67,50
1,2,1,3,3,166
120,4,2,1,5,95.6
10,5.5,10,5,15,370
1.2,3,2.4,4,8,70
2.5,3.75,1.25,2.5,6.25,95
1.25,1.5,1.25,1,3,125
40,1,4,4,3,1
400,12.5,7.5,7.5,7.5,134
4,1.4,4,3,6,152
52.86,1.43,1.43,1.14,2.86,86.14
3.33,3.5,5,1.67,6,98.33
3.41,6.25,5,2.5,6.25,125
64.29,0.91,1.43,1.14,3.43,51.43
1.71,4.29,4,4.29,7.14,267.14
10,1.5,3,1.25,6.25,75
25,1,0.5,0.33,1.67,98.27
2.5,2.82,3.75,1.25,4.5,62.5
0.5,2.5,10,3.75,5,125
2,0.4,0.6,1,3,40
6.25,1.25,5,5,11.25,182.5
6,2,2,1,4,100
1.23,1.86,2.86,5,2,64.29
140,4,4,4,8,120
6,1,1,2,6,130
300,1,5,10,15,11.67
4,1.4,5,3,9,75
1.25,1.5,1.5,0.25,3.75,72.5
1.67,4,1.67,1.67,4.17,66.67
15,20,15,10,15,180
2.57,1,0.43,0.43,2.14,42.86
2.14,0.71,1.43,0.71,1.43,17.14
100,2.67,5,10,16.67,72.22
2,1,2,1,3,22
12.5,5,5,5,12.5,75
200,6.25,3.75,1.5,7.5,121
60,0.56,6,4,6,75.8
100,2.5,1.67,5,13.33,40
1.67,1.67,4,1.67,6.67,76.67
180,5,2,1,5,61.89
1.11,1.11,1.11,1.11,1.67,24.44
300,10,6.67,2.33,16.67,242.11
3.75,5,5,5,20,125
3.33,0.83,1.67,1.67,6.67,116.67
5,3.33,0.83,1.67,5,116.67
2,2.5,3,1.5,20,100
12.5,5,17.5,10,17.5,150
65,1,1,0.6,1,80
1.2,4,6,1.2,12,120
2,5,15,5,12.5,425
7,1.93,3,1,4,29.2
6.67,3.33,6.67,2.33,6,121.67
5,1.43,6,8,7,180
4,2,3,2,5,80
5,5,10,3,20,160
5,0.67,2.33,0.67,4,133.33
10,5,4,10,30,500
5,3.33,5,4,6.67,186.67
1.2,3,2,1.6,4,80
1.67,0.67,3.33,3.33,10,240
1.67,0.67,1.67,1.67,3.33,66.67
120,0.4,1.6,2,2,1
100,1.73,3,1,5,4
3.33,1,3.33,0.67,6.67,120
128.57,3.57,1.43,1.43,5.71,85.71
0.57,0.57,0.71,0.71,1.43,51.43
0.67,1,2.5,0.5,5,33.33
8.33,3.33,13.33,8.33,15,200
2.5,5,2.5,2.5,5,150
5,1.6,2,1,2,100
2.5,1.67,1.67,0.67,3.33,33.33
175,5,3,1.5,6.25,128.75
13.33,8.33,10,5,13.33,133.33
5,2.5,7.5,1,10,87.5
75,0.5,1.25,2.5,5,4.38
2.5,1.25,2.5,1.25,3.75,162.5
0.5,1.33,1,0.33,1.5,37.5
300,4.18,10,2,12.5,52.5
2.5,1.25,1.25,1.25,5,150
66.67,1.67,1.33,0.67,4,80
80,4,6,2,6,80.53
3.33,1.29,5,1.67,6,83.33
6.25,1.88,1.88,0.88,5,87.5
10,3.33,1.67,3.33,6.67,126.67
30,1.5,1.2,2,6,5
120,1,2,4,4,38
0.75,0.75,2.5,0.75,3,15
5,1.5,2.5,1.25,10,175
2,3,3,2,6,72
0.83,2.67,4.17,1.67,6.67,100
3.33,0.67,1.67,1,3.33,66.67
1.25,3.75,5,3,8.75,130
175,1.5,5,2.5,10,62.5
75,1.67,1,1,4.17,32.5
4.38,2.5,2.5,1.25,7.5,137.5
2.5,2.5,7.5,2.5,15,150
100,3.33,8,6.67,13.33,200
6.67,1.67,3.33,1,5,120
10,1.33,5,1.67,6.67,120
5,1.25,0.5,2.5,1.75,37.5
4.17,2.5,3.33,1.67,5,120
7.5,1.08,2.5,5.63,2.5,150
3.33,0.67,2.67,0.67,5,86.67
2.5,2.5,1.25,0.75,7.5,100
1.75,3.75,1.5,2,5,90
250,15,10,3.75,30,145
2,0.6,2,0.6,4,72
120,0.4,4,1,6,1.6
2.14,1.43,2.86,0.71,2.86,50.71
1.67,1.67,3.33,1.67,6.67,116.67
3,2.5,1.5,3,3.75,95
1,1.5,3,1,5,90
5,2.5,0.75,0.75,2,112.5
1,7,6,5,10,300
5,2,5,1.67,13.33,116.67
41.67,0.83,1,1.67,8.33,116.67
120,6.7,3,3,10,305
1,0.67,1.33,1,6.67,120
7.5,2.5,2.5,5,10,150
66.67,0.17,1.17,1.33,2,2.5
175,1.25,5,2.5,7.5,51.67
2,0.8,2,0.6,2,60
1.5,8,10,2.5,15,182.5
8.33,4.17,0.83,2.5,6.67,71.67
123.33,1.33,4.67,6,6.67,57.22
2.27,3,4,0.4,6,150
3.75,0.75,2.5,1.25,5,100
4.17,3.33,1.33,2.5,4.17,243.33
75,1.2,4,4,3,30.6
3.33,2.67,4,2.33,6.67,100
1.67,1.33,8.33,3.33,20,256.67
33.33,1.67,3.33,6.67,2,240
1.25,3,6.25,5,10,315
0.5,0.5,0.67,0.83,2.5,33.33
3.13,5,10,4,12.5,150
2.5,2.5,9,2.5,15,250
1,1,3.6,2.8,5.6,104
60,1,1.67,0.67,3.33,249.12
2.5,2,1.5,3,5,95
2,1.67,5,2.67,6.67,100
0.6,0.6,2,0.8,4.4,70
75,2.25,2.5,2.88,7.5,75
3,1,3.4,0.8,6,36
210,8.33,5,3.33,10,237.33
1,0.67,0.67,0.67,1.67,90
21.25,5,5,3,12,200
20,25,10,7.5,25,250
200,7.5,7.5,30,35,7.5
1,4,3,2,4,80
57.14,0.43,2.14,0.71,2.14,42.86
1,1,0.75,1,2,27.5
10,8,8,5,20,133.33
12.5,2.5,7.5,6,10,225
7.5,5,10,5,12.5,187.5
2.5,1.25,2.5,1.25,2.5,80
3.75,187.5,3.75,2.5,5,182.5
3.33,2.67,4,6.67,10,200
15,6,7.5,10,15,460
0.5,1.25,1.25,1.25,2.5,8.75
10,5,6.67,3.33,6.67,233.33
2,0.8,2,0.6,4,72
166.67,0.78,8.33,1.67,8.33,72.22
3.2,1.4,5,2,6,180
10,1.5,7.5,1.5,7.5,200
10,5,5,2.5,20,100
6.67,2,3.33,1.67,6.67,56.67
5,3,2.5,1,12.5,150
10,2,4,2.5,10,350
10,1.67,2.67,1.67,6.67,100
150,1.3,5,7.5,6.25,109
2,1.4,3,0.6,8,90
8.33,0.5,1.67,0.83,1.67,66.67
10,3,3,2,6,74
6.67,0.67,3.33,3.33,10,120
3.33,3.33,3.33,3.33,5,158.33
1,1.5,0.4,0.6,3,36
1.5,2.5,3,2.5,10,100
240,3,3,2,10,65.05
83.33,0.67,2.5,2.33,4,0.83
1.5,2,2,2.5,10,110
1.5,3,5,2.75,16.25,250
0.83,1.7,4.17,3.33,6.67,116.67
1,3.84,4,3,8,120
42.86,0.29,0.71,4.29,1.43,1.12
150,4.17,2,1,5,103.17
5,2.5,5,2.5,5,65
0.75,1,1.5,1.5,3.75,90
8.33,4.82,6,3.33,8,193.33
0.75,1,1,1.25,2.5,35
3.75,3.25,3.75,4.5,4.5,91.25
3.33,2.33,1,13.33,5,136.67
5,1.67,3.33,1.67,6.67,133.33
283.33,10,6,2.33,9.33,84
75,1.43,0.75,0.75,3.75,75
12.5,12.5,10,3,15,90
2,2,2,2,5,80
10,2,2,2,6,36
120,1,3,2,8,80
120,4,6,3,2,41.33
160,0.83,11.67,6.67,23.33,2
30,1.25,2.5,3.75,5,130
60,1.56,1,2,2,72
3.33,2,4,2,5,86.67
200,3.33,8.33,2,16.67,6.67
1.25,0.75,1.25,0.75,6.25,100
125,0.75,3.75,7.5,20,1.75
350,2,8,15,13,22.5
74,1.2,3.4,4.8,3.8,62.6
3.57,2.14,2.14,2.14,2.86,50
3.33,1.37,2.67,0.83,5.83,76.67
1.33,1.67,2,1,3.67,120
150,0.75,5,2,5,81.25
3.33,1.33,2,4,10,133.33
7.5,5,5,2.5,7.5,180
8,1,3,0.6,3,70
19.25,4,3.5,2,7.5,225
5,2.67,5,1,6.67,50
175,10,7.5,5,10,127.63
1,2.8,4,4,10,120
6.67,1.67,10,3.33,10,233.33
15,5,6,5,1,95
2,0.6,2,0.6,3,70
50,4,5,2,10,200
2.5,5,10,7.5,20,300
3.75,1.25,1.5,0.75,2.5,55
0.71,0.71,0.71,1.86,1.14,50
20,2.25,15,5,24,90
3.75,1,6.25,1,1,91.25
1.25,0.88,1,1,0.75,50
71.43,0.71,1.43,1.43,2.14,5
100,3.25,3.75,2.5,5,72.5
2,3,3.5,3.5,9,75
1.67,1,1.67,2,5,60
6,2,6,1,8,160
2.96,5,1.25,6.25,7.5,215
6.25,2.48,4.5,2.5,10,145
1.25,1.5,1.25,0.75,2.5,162.5
1.4,2.4,5,4,4,100
4,0.6,1,2,2,96
5,2.5,5,7.5,15,275
1,0.6,2,0.4,2,40
3,1,2.4,1.2,2.4,26
6.25,1.25,3.75,3.75,6.25,200
10,2,6,10,17.5,350
5,2.33,3.6,2,5,140
1.33,1.67,10,1.67,11.67,83.33
10,2.5,12.5,1.25,15,90
3.75,1.5,3.75,2,6.25,137.5
3.33,4.38,5,1.67,6,83.33
3.33,0.5,0.83,0.67,1.67,61.67
250,10,10,7.5,15,101.97
63.75,0.5,2.5,0.25,5,37.5
0.5,0.75,1.25,0.5,2.5,40
51.43,0.29,0.71,0.86,2.86,24.05
5,0.6,4,0.6,6,150
2.67,4,2.67,2.33,8.33,126.67
1.43,1.64,2.14,0.71,1.71,31.43
10,8.33,5,3.33,10,133.33
50,0.8,2.2,4,2,20.67
30,0.4,0.8,1.6,4,40
4.17,1.67,2.5,0.83,4.17,60
33.33,3.33,2,0.33,4.17,104
300,6.4,2.5,7.5,7.5,294.45
2.86,1.14,1.43,0.71,3.57,102.86
2.5,5,1.25,1.25,7.5,180
3.33,1.67,5,5,8.33,240
250,2,10,3,20,216.67
71.43,2.86,4.29,1.14,8.57,70.71
0.75,1,1,0.5,1.75,87.5
1,1.25,1.25,0.5,2.5,87.5
5,4.38,5,2.5,10,96.25
1,0.4,1,2,3,108
112.5,0.75,3.75,1.25,5,56.25
229.17,3.25,1.88,1.63,15,105.18
2,2.33,2,1,4,250
4,1.25,3.75,3.75,5,90
5,3.75,3,3.75,7.5,150
3.33,3.33,13.33,3.33,16,120
5,3.33,5,2.67,11.67,150
116.67,1.25,1.67,0.83,10,55.42
3,0.75,3.33,1.17,4,93.33
10,5,1,0.6,6,120
25,5,10,5,10,100
4,0.8,3,1,5,92
13.33,8.33,5,5,6.67,200
7.5,2.5,7.5,5,10,200
150,3.15,2.5,7.5,12.5,97.5
2,1.88,1.25,1.25,3,37.5
4,3,4,1,8,90
60,5,0.4,0.4,3,106.67
2.5,1.5,3.75,1.25,5,125
0.43,0.43,0.71,0.14,0.86,24.29
2.5,3,7.5,2.5,12.5,90
300,7.5,2.5,2.5,7.5,180.56
2.5,1,1.25,1.25,5,105
5,2.75,2,2.5,6.25,95
5,7.5,3.75,2,7.5,250
3,5,7.5,3,12.5,190
250,7.14,2.14,4.29,1.43,34.86
450,5,25,25,37.5,141.67
29.17,0.33,0.42,0.5,0.67,3.33
4,1.25,1.25,2,6.25,125
5,2,5,2.67,6.67,120
0.5,0.56,1.67,2.5,1.67,30.83
10,5,5,7.5,15,350
125,2.34,5,2,6,10
0.83,0.5,0.83,0.33,2.5,33.33
125,1,3.75,1,5,125
2,0.8,2,2,4,80
5,1.5,2.5,2.5,12.5,112.5
5,2.5,2.5,3.75,7.5,162.5
2.4,1.2,1,0.8,4,82
3,3,3,3,4,110
150,3.75,5,2.5,6.25,136.03
400,1.67,4,5,8.33,16.67
5,8.33,5,5,11.67,316.67
10,1.67,3.33,10,6.67,166.67
53.33,0.33,2.33,0.83,2.5,50
150,0.75,3.75,3.75,2.5,11.46
2.5,0.5,1.67,1.67,5,124
10,5,5,3.33,6.67,150
1.67,0.61,1.67,2.5,4.17,75
200,3.64,3,6,6,162
6.59,5,10,5,15,200
100,3,4.8,8,4.8,130
200,10,11.67,8.33,13.33,149.3
10,10,3.5,3,1.5,280
1.25,1.18,1.88,0.63,2.25,31.25
3.75,1.25,6.25,4,10,187.5
7.5,2,3,6.25,7.5,137.5
2,1.6,3,1.2,4,32
1.67,0.83,1,0.5,1.67,33.33
1.67,1,1.67,1.67,5,63.33
1.5,3,2.5,5,9,225
100,4,5,4,6,82.63
2.14,0.71,0.71,1,2.14,64.29
3,10,4,8,10,200
2.5,4.5,5,2.5,6.25,112.5
160,1,5,2,6,6
3,3,3,3,4,110
13.33,6.67,5,3.33,10,120
0.33,1,0.83,1.25,1.67,60
6.67,6.67,10,2.67,26.67,300
7.5,3.75,5,3.75,8.75,100
1.67,1.73,3,3.33,6.67,75
16.67,3.33,6.67,3.33,6.67,300
8.33,5,3.33,6.67,13.33,160
137.5,2.5,2.5,1,3.75,202
1.06,0.88,0.75,0.75,2.5,62.5
4,2,2,2,4,100
120,5,3,2,7,120
0.75,1,0.75,0.5,1.5,42.5
5,2.5,2,3.75,10,150
3.33,1.67,2.5,0.5,1.33,83.33
2.86,1.43,0.43,0.43,2.86,100
14.75,6.67,5,1.33,8.33,233.33
166.67,0.83,2,2,3.33,3.33
5,1,2,2,3,120
2,0.4,1.2,1,6,72
0.4,1.6,0.6,0.8,2.4,72
2,1,4,2,5,160
5,2.35,3.6,2,4.8,116
0.67,3.33,4.33,2.67,8.33,133.33
1.67,1.67,2.5,2.5,3.33,91.67
16.67,10,10,3.33,16.67,100
35.71,0.43,1.43,0.86,1.43,0.57
4.24,4,5,1.67,3.33,200
10,2,4,1.6,5,26
66.67,0.33,2.33,2.67,3.33,1
300,10,10,10,50,50
3.75,2,1.5,0.75,3.75,92.5
5,5,9,1.25,5,90
2.5,1,1.25,0.5,3.75,140
20,4,7.5,3.5,15,200
13.33,5,8.33,3.33,10,300
2.5,1.25,2,0.75,3.75,75
5,1,1.67,0.83,4.17,58.33
2,2.33,3,5,8,70
1.25,3.75,3,5,10,125
40,2,3,2,4,66.32
5,7.2,8,5,12,290
1.67,1.67,0.67,1.17,6.67,86.67
1,0.4,2,0.6,4,80
1.67,1.33,1.67,1,6.67,83.33
17.14,2.86,0.71,14.29,14.29,92.86
30,0.5,1.2,1.5,1.3,38
8.33,1.67,1.67,1.33,2.5,150
10,2,4,2,12,200
1.25,2.5,2.5,1.75,6.25,90
2,2.5,7.5,1.5,7.5,100
7.5,6,9,4.5,12.5,200
1.25,1.25,1.25,3,6.25,96.25
3.33,0.67,1.67,1.67,3.33,100
1.25,0.75,1.25,1.5,2.5,45
3.33,5,1.67,1,6.67,120
50,0.6,5,2,7,2
0.4,0.8,0.6,0.6,2.4,72
8.33,5,1.67,6.67,5,108.67
1.25,1.25,2.5,1.25,3.75,125
3,2.2,5,2,5,122
13.33,6.67,5,6,6.67,130
3,2,1,2,3.4,60
3.33,1.67,3.33,6.67,5,200
7.5,2.5,5,3,7.5,250
3,4,2.5,3.5,12.5,125
100,3,5,2,6,177.89
90,0.53,1.6,2,3,4
0.88,1.33,1.25,1.25,10,92.5
200,8.33,10,11.67,13.33,263.16
25,7.5,10,3.5,15,200
0.5,2,3.5,1.5,4,162
100,1.25,3.75,1.25,2.5,7.5
1.2,3,4,2,5,80
6,0.8,1.6,5,3,130
225,2.5,7.5,2.5,12.5,282.5
10,5,10,2.5,12.5,225
3.67,1.67,1.67,1.67,13.33,166.67
3,4,15,2,35,250
28.57,1.43,2.86,1.43,7.14,0.71
3,1.6,2.7,2.6,5.6,224
10,3.75,3.75,5,5,175
1.25,1.25,1.25,1.25,2.5,25
15,10,30,15,40,250
13.33,5,6.67,1.67,10,133.33
5.5,12,12.5,5,25,500
85.71,0.71,2.86,3.57,2.14,18.21
6.25,7.5,5,1.25,7.5,135
2.67,2.52,4.33,1.33,5.33,76.67
2.5,1.25,2.5,2.5,7.5,187.5
15,2.5,6.25,1.5,10,10
2.14,1.71,1.43,1.43,4.29,50
6.67,3.33,3.33,1.33,11.67,240
60,7.07,3,1,4,1.6
6.25,13.75,12.5,1.25,16.25,200
1.67,2.17,2,1.67,5.83,66.67
66.67,1.67,2.67,3.33,11.11,15
3.33,1,4.17,4.17,5,210
3.33,0.83,6.67,2.5,10.83,128.33
2.33,6.67,8.33,1.33,16.67,193.33
0.5,0.5,4.67,2,4.17,108.33
3.18,4.5,3,2.5,6.25,150
114,4,2,1,5.6,62.8
3.33,3.33,10,1.67,13.33,233.33
87.5,2.5,3.75,1.25,5,12.5
6.67,3.33,6.67,3.33,13.33,333.33
3,4,4,4,2,50
3.33,1,3.33,1,4,100
7.14,2.14,2.57,1.14,6.43,71.43
3.75,1.25,3.25,1.75,7,130
6.67,1.67,1.67,2.67,11.67,123.33
8.33,2,5,3.33,13.33,126.67
5,2.26,3.6,6,4.6,146
6.25,2.5,1.25,0.75,5,45
1.25,3,3,3.75,10,125
0.75,0.75,1,1,2.5,100
3.33,3.33,6.67,6.67,10,83.33
5,1,4,6,12,400
1.3,0.8,4.8,1.8,7.2,134
4,1,3,1,3,36
1.67,0.83,0.5,0.33,1.67,28.33
5,3.33,1.67,3.33,13.33,100
233.33,3.33,3.33,1.67,5,6.67
75,2.5,2.5,2.5,5,15
2.5,0.5,0.75,0.75,5,62.5
3.75,1.25,2.5,3.75,6.25,75
6,10,4,2,6,120
1.67,6.47,5,3.33,11.67,166.67
7.5,5,6.25,1.25,10,85
133.33,5,6.67,6.67,5,100.67
5.83,6.67,3.33,5.33,10,183.33
3.33,3.8,5,5,11.67,166.67
1.25,3.2,3.75,2.5,7.5,100
0.25,0.5,3,1.5,6,67.5
5,10,6.25,1.5,15,187.5
47.5,1.33,1.25,1.25,2,193.75
5,3,3,1.2,8,140
86.86,1,4,2.7,12,80
7.5,2.5,5,1.25,7.5,150
6.25,3.33,1.67,1.67,10,233.33
10,1.4,4,3,5,60
4,1.2,2,2,5,130
4,2,2,1.2,7,144
115,2.5,7.5,1.5,12.5,5
4,2,8,2,10,160
7.5,10,6,10,12.5,300
0.75,1.25,1.25,0.5,3.75,62.5
3.75,1.5,2,1.25,3.75,62.5
17.5,3,2,1.5,7.5,75
5,1.5,2.5,1.5,15,100
2.5,1.25,0.75,0.5,1.25,50
2,4,4,4,12,140
40,1,1,1,3,128.42
6.25,6.25,6.25,5,5,180
1.5,0.75,1,0.75,3.13,91.25
0.56,2.22,3.33,1.11,5.56,88.89
2.5,0.75,3.75,0.75,3.75,125
5,2,5,2.5,20,240
83.33,0.5,1,4.17,1.67,0.83
133.33,1.67,0.83,3.33,8.33,66.83
1,1.33,1,2.67,3.33,50
8.33,1.67,3.33,1,5.83,91.67
5,1.25,2.5,1.25,3.75,90
2.14,2.14,1,2,5.71,71.43
0.5,0.5,1.67,0.33,5,50
54.55,0.65,1.09,4.55,1.09,32.73
260,12,2.4,1,13,140
60,3.14,4.29,0.71,7.14,53.57
1,1,2.4,2,6,70
7.5,10.5,6.25,1.5,3.75,225
2.5,3,2.5,2.5,5,325
5,5.83,1.67,3.33,8.33,83.33
100,0.5,2.5,1.5,6.25,28.33
7.5,0.75,5,2.5,7.5,100
10,9,9,10,10,190
2.5,1,8.75,2.5,8.75,175
145,2.5,6.25,5,5,1.88
13.33,3.33,5,1.67,5,183.33
1,0.6,2,0.6,3,56
0.4,0.6,0.8,0.6,3,70
240,8,3.33,3.33,13,178.33
120,3.67,1.67,10,10,190
5,1,1.25,1.5,11.25,91.25
1.5,0.6,1,1,3,100
5,8.8,10,2.5,17.5,275
0.5,1.13,0.75,3,4,95
5,1.2,1,1.2,4,73
62.5,0.75,2.5,0.75,3.75,50
56.79,4.29,3.14,2.86,6.43,85.71
300,7.5,12.5,15,20,300
0.83,0.83,0.83,1.67,4.17,56.67
5,5,3.33,3.33,10,333.33
33.33,2.08,1.67,0.83,8.33,79.17
1.25,3.75,3.75,3.75,5,87.5
1,1.5,3,1.5,40,140
1.25,4.25,6.25,3.75,10,150
2.5,2.5,2.5,1.25,2.5,90
2.5,1,2,1.25,6.25,142.5
3.33,2.67,4,3.33,5,250
10,3.33,6.67,3.33,10,233.33
7.5,20,17.5,3.5,20,300
2.5,0.75,2.5,1.25,2.5,75
1,1,1.25,0.75,2,75
7.14,2.86,2.14,2.14,2.86,71.43
5,2.5,7.5,2.5,7.5,150
16.67,0.33,2.5,0.5,2.5,2.26
1.67,2.5,3.33,1.67,5,75
6,1.5,2,3,7.5,75
6.25,7.5,7.5,6.25,7.5,250
1.5,2.5,2,1,4.5,125
5,4.41,11.25,5,10,220
110.15,0.5,2.5,0.25,2.5,87.5
3.75,12.5,7.5,3.75,7.5,187.5
1.5,1.5,12.5,3,15,182.5
10,3.33,13.33,3.33,16.67,166.67
1.17,0.5,0.67,0.33,3.33,53.33
175,3.33,3.33,1.67,1.67,121.67
0.83,1.67,0.83,1.67,3.33,33.33
1.67,1.67,0.83,1.67,4.17,100
15,7.5,7.5,10,20,200
2.5,0.75,2.5,1.25,5,140
266.67,8.33,4,1.33,10,196.33
1,0.4,0.4,0.6,2,30
66.67,1,3.33,3.33,6.67,116.67
20,7.72,7,9,9,274
200,5,3.33,1.67,10,79.82
4,1.6,2.4,4,8,120
180,1.5,2.5,5,15,141.5
150,2.5,7.5,1,12.5,120.84
2.5,4.25,5,3,8.75,150
150,1.5,5,0.75,6.25,156.25
6,0.6,3,1,5,70
150,2.3,3,5,7.5,90
1.25,2.5,3.75,4.5,10,112.5
7.5,4,5.33,5,3.33,100
60,1,1,1,2,127.78
4,1,0.8,0.6,3.6,90
3.75,2.5,6.25,2.5,10,250
0.83,5,5,4.17,6.67,250
1.67,2.67,4.33,7.33,3,66.67
5,5.5,3.75,6.25,15,200
6.25,1.25,0.88,0.75,1.5,40
6,1,3.6,3,7,50
300,10,7.5,4,12.5,346
100,4,5,2,6,66.95
6.67,1.67,2.5,1.67,4.17,63.33
0.75,1.5,1.5,1.5,10,85
1.5,2.5,1.5,1.25,3.75,62.5
6.67,1.33,3.33,1,6.67,150
15,10,10,2.5,10,150
2.5,0.5,0.5,0.5,1.67,71.67
25,5,2,5,10,225
83.33,2.33,3.33,3.33,5,233.33
25,5,5,13,25,350
26,4,8,5,12,50
8,0.6,3,1,5,120
1.67,1,1.33,1.33,3.33,61.67
15,2.08,1.25,0.5,2.5,50
120,4,6,6,10,68.74
1.33,1.67,2.33,2.33,6.67,100
2.5,0.5,1.67,0.83,2.5,83.33
1,0.4,1,0.6,3,30
2.5,1.67,4.17,1.67,10,125
5,0.8,5,0.6,2.4,140
15,10,2.5,1.25,10,150
7.5,1,4,1.5,7.5,180
120,3,3,2,9,77.33
0.5,1.5,1,1,2.5,90
2.5,0.75,2.5,3.75,5,112.5
125,2.5,3.75,1.25,3.75,243.06
3.75,2.5,5,2,12.5,150
2,4.5,2.5,1.25,5,90
6.25,2.44,4.5,2.5,7.5,150
2,3,3,4,4,110
3.33,1,3.33,6.67,13.33,166.67
8.64,9,6,7.5,5,90
12.5,2,5,2,10,230
11.25,5,17.5,10,17.5,200
50,3.33,1,1,3.33,58.15
7.5,2.5,5,2.5,20,400
2,3,1.5,1.5,5,175
66.67,3.33,6.67,8.33,11.67,81.4
1,2.5,1.5,0.75,3.75,100
60,1.24,1,3,2,51.11
80,1,3,2,2,7
10,2,2,2,8,80
60,1.4,0.6,1,2.6,105.56
5,5,5,3.33,6.67,66.67
120,3,3,2,6,87.37
5,2.13,3.6,2,5.2,120
200,12.5,3.33,3.33,13.33,20
0.83,0.33,0.67,1.67,3.33,105
2.86,3.57,2.14,2.14,5.71,85.71
0.25,0.5,1.25,0.75,2.5,57.5
10,4.67,2,1,12,70
60,2,0.6,2,6,86.67
1.4,4,6,0.8,12,180
1,3.04,3,3,8,120
1.9,1.2,2,2.4,6,40
4,0.4,1.2,0.6,3.6,60
150,1.25,1.75,6.25,3.75,1
40,0.2,0.6,0.8,1,1
5,4.4,7.5,7.5,10,300
101.67,7.5,2.5,2.5,10,250
90,0.6,2,0.4,4,90
3.33,4.39,5,1.67,6,83.33
43.33,1,1.67,4.17,1.33,38.89
0.33,0.83,0.5,0.5,3.33,100
3.89,6.67,8,8.33,11.67,200
20,0.4,1,1,1.6,110
4.17,2.5,0.83,1.67,4.17,63.33
1.43,0.57,1.71,0.71,3.57,102.86
110,0.6,3,1,4,117.33
2,3,10,3,10,100
1.67,1.67,1.67,0.5,3.33,60
8.33,1.67,3.33,1.67,3.33,150
3.75,0.75,1.25,0.75,5,137.5
5,5,5,2.5,7.5,100
0.75,0.75,1.25,0.5,2.5,42.5
5,2.5,5,2.5,7.5,97.5
450,10,12.5,20,55,27.25
0.67,0.67,3.33,6,6.67,106.67
5,7.5,5,5,5,40
37.5,1.75,2,2.5,11.25,137.5
1,2.5,2,2,5,200
60,1.3,1,4,2,140
3.75,1.25,5,5,12.5,125
5,1,3.75,0.75,5,112.5
116.67,0.67,2.33,3.33,5,1.67
5,10,1.67,1.67,5,100
0.7,0.8,0.8,0.6,2.4,100
3.33,1.67,5,1.67,8.33,180
0.75,1.75,5,2.5,25,170
141.67,1.67,2,1.67,2,127.78
1.67,1.67,2.33,0.67,4,53.33
3.33,3.33,4.17,5,11.67,133.33
4,6,4,2,17,106
1.67,2.5,1.67,1.67,5,125
75,2.5,5,2.5,5,10
0.33,1.17,0.5,0.5,1.67,38.33
2,1,3,1,4,70
2,0.6,0.8,0.6,4,110
3.33,1.17,1.17,1.17,3.33,123.33
16.67,0.33,0.83,0.83,2.5,150
2.5,7.5,6.25,5,7.5,180
2,0.6,2,1,4,60
90,5,10,12.5,15,140
7.5,6.25,3.75,1.25,7.5,275
1,0.67,1.67,0.67,3.33,60
1,0.4,1,1,4,72
2.5,0.67,1,1,1.67,30
10,6.5,2.5,2.5,12.5,175
1.67,0.83,1.67,1.67,5,60
0.5,0.5,0.5,0.3,0.6,45
1,1.4,1.4,2,5,64
1.33,1.67,1.67,0.67,2.67,58.33
1.67,0.5,0.33,0.5,1.67,30
66.67,1.33,1.33,1.67,1.67,90
0.4,0.4,0.6,0.4,2,30
3,0.5,3,1.5,1.25,136.25
3.75,2.5,3.75,5,10,360
250,0.9,1.67,8.33,10,35
7.5,5,7.5,2.5,12.5,360
2.5,1.25,3.75,0.75,6.25,125
300,20,10,10,5,12
2,3,3.75,1.25,9.5,45
150,1.5,5,1.5,7.5,90
6.25,1.25,3.75,1,6.25,187.5
0.4,1,0.8,0.8,3,98
5,2.5,3.75,7.5,10,150
2.5,2.5,1.25,1.25,6.25,50
1.25,1.5,1.5,1,3.5,200
200,1.5,3,5,10,1.5
8.33,1.67,1.67,1.67,1.67,50
150,5.25,2.5,20,20,12.5
1.5,2,1.5,3,5,65
2.5,1.67,3.33,3.33,10,100
150,2.5,3.75,15,20,225
83.33,0.5,1.5,1.67,2.5,0.33
7.5,5,3.75,2.5,6.25,87.5
12.5,7.5,7.5,2.5,15,350
0.83,0.5,1,1.67,2.5,66.67
5,8.1,15,15,40,400
5,1,3,2,5,120
2.5,2.65,5,5,10,187.5
1.5,2.5,1.5,2.5,6.5,30
3.33,1.17,2,3.33,6.67,100
0.83,0.83,0.83,2,2.67,41.67
110,3.6,3,1.2,4.8,110.64
118,1,7.2,6,8.4,80
4,2,3,2,6,70
1,0.4,2.4,1.2,3,36
2.5,2.5,4.17,1.67,5.83,125
4.17,0.77,4,1.67,4.17,115
51.5,1,2,1.5,5,60
2,0.6,1,1,2,70
1.43,0.71,2.14,0.71,5.71,64.29
6.5,2,2,0.8,4,240
0.83,3.33,4.17,1,16.67,125
2,1,4.17,4.17,5,121.67
0.6,0.6,0.8,1,5,37
2,2,0.6,0.6,2,10
3.57,0.86,3.57,1.43,4.29,121.43
6.67,8.33,4,6.67,15,166.67
6.25,0.75,3.75,1.25,6.25,175
4,2,3,1,4,72
9,2,1.4,1,4,120
5,1.89,2.67,0.83,4.67,50
2.5,1.5,8,3,10,135
1.75,1.25,3.75,0.5,15,137.5
7.5,1.5,2.5,3.75,7.5,125
16.38,5,6,3.5,12.5,325
5,1.67,5,1,5,116.67
5,2,8,6,10,92
5,2,2.5,1,6.25,100
180,5,3,3,10,274.21
10,2,3,1.2,7,140
70,0.83,2,0.83,3.33,97.5
12.5,3.75,3.75,5,2.5,125
62.5,1.5,1.25,0.75,3.75,101.75
2.5,1.25,3.75,2,10,137.5
120,2,2.4,6,6,197.78
75,2.5,2.5,3.75,12.5,75
3.41,3,3.75,0.5,6,75
1.25,1,2.5,1.67,6.67,50
83.33,1.67,1.67,1.67,5,184
50,2.3,1.25,1.25,5,77.21
1.67,0.5,2.67,1,3.33,75
3.13,5,1.5,3.75,2.5,87.5
0.5,0.83,1.67,1.67,5,33.33
2.13,0.5,0.5,0.5,11.88,45
2.5,1.25,3.75,2.5,15,192.5
2.5,2.5,5,5,5,45
6,2,2,3,6,120
1.25,5,5,2.5,8.75,112.5
71.43,1.43,0.86,0.86,2.86,66.71
66.67,1.33,3.33,0.83,3.33,8.33
3.25,1,1.25,1.25,3,45
75,8.75,1.25,1.25,3.75,2.5
1,0.83,1,0.83,1.67,160
5,12.5,6.25,2.5,12.5,250
18.75,3.75,5,6.25,4.5,275
1.25,0.25,1.5,1.25,3.75,45
4,6,8,5,10,220
5,2,7.5,3.5,12.5,400
100,0.5,1.67,1.67,2.5,1.67
150,2.5,12,7.5,20,183.33
162.5,2.5,6.25,1.25,8.75,1
2.82,2.4,4,0.4,3.6,120
2,2.67,3.33,1.33,23.33,250
125,0.5,1.25,1.25,3.75,115
300,2.5,12.5,12.5,5,25
4,2,3,1,5,90
4.55,6.25,6,12.5,5,125
243.75,1,5,1.5,10,150
4,2,2,6.25,5,125
3.57,2.14,2.86,0.71,2.86,71.43
50,0.5,2.5,0.67,4.17,66.67
0.8,1,2,1.2,5,74
4,2,3,1.6,4,90
10.83,0.67,3.33,1,13.33,166.67
5,6.25,6,2.5,7.5,175
3,2,3,2.4,4,160
1.29,0.57,0.29,2,1.71,51.43
4,6,2,2,3.6,114
2,4,5,0.6,14,130
2.86,0.71,2.14,2.14,7.14,42.86
76.25,6.25,1.25,0.5,2,20
5,1.5,5,1.25,10,150
2,0.6,1,2,3,60
0.5,1,2.25,0.75,1.25,100
4,3,3,1.2,7,110
5,0.5,12.5,3.75,15,181.25
4,1.5,1.5,1,3,15
3.57,4.29,3.43,1.71,5.71,102.86
2.86,2.86,2.14,1.43,1.43,107.14
10.5,2.5,2,3,12,112
0.33,0.58,0.5,0.5,2.5,46.67
1.53,5,4.33,3.33,3,100
2.5,2.5,1.25,1,2.5,112.5
120,6,4,4,6,124
3.75,1,2.5,5,7.5,186
5,1.67,2.5,1.67,3.33,66.67
50,3.34,10,3,12.5,150
150,0.75,3.75,1.25,6.25,62.5
4,1,3,2,5,54
3.13,1.06,2.25,1.25,3.25,87.5
3,4,3,3,10,100
116.67,1.67,3.33,10,20,251.11
2.5,0.5,1,1.5,1.75,75
300,2.33,6.67,6.67,10,233.33
2,0.6,3,0.6,4,90
15,7.5,3,5,12.5,280
1.76,4,5,5.2,5.6,120
12.5,12.5,2.5,5,7.5,137.5
4.33,20,10,10,40,160
3.33,2,1.67,2.67,6.67,116.67
6,2,2.4,1.2,7,144
1.67,4.4,6.67,6.67,16.67,216.67
4,1,4,2,6,60
0.75,0.5,2.5,0.5,5,87.5
2.5,1.25,6.25,2.5,17.5,360
2,0.6,2,0.6,4,76
75,0.75,2.5,0.75,6.25,50
10,8.33,1.67,0.83,6.67,66.67
3.57,3.57,2.86,4.29,2.86,107.14
4,5,3,2,12,120
3.75,0.75,1.25,1.25,7.5,137.5
5,0.67,3.33,5,2,40
333.33,5,3.33,3.33,13.33,136.14
1,1,2,1,3,40
5,3.75,3.75,2.5,8.75,150
72,2,1,2,3,64.44
120,2,2,0.8,4,131.9
100,3.33,2.5,1.67,5,108.67
150,0.75,2.5,2.5,3.75,7.5
3.33,2,1.33,3.33,5,122
37.5,2.5,3.75,1.25,5,89.21
75,2.5,2.5,2.5,7.5,173.69
4,2,5,2,10,180
6.25,8.75,1.25,1.25,8.75,137.5
3.33,2.5,2.83,1,5,5
187.5,1.75,3,3.5,2,55.5
75,3.75,5,6.25,7.5,143
10,3,3.6,1.2,6,80
2.5,3.75,2.5,1.25,5,75
1,0.4,2,1.2,4,40
12.5,5,10,7.5,12.5,155
2,4,4,2,2,72
2,0.8,1.6,2,4,60
6,3,3,2,6,70
10,2.5,5,2.5,7.5,87.5
5,6.8,10,10,20,350
10,2.5,3,7.5,15,200
1.25,0.75,2.5,1.25,8.75,187.5
200,13.75,5,2.5,10,20
1.67,0.67,3.33,0.67,8.33,100
1.67,1.08,0.5,0.5,4.17,83.33
1.43,2.14,1.71,2.14,4.29,107.14
0.83,0.67,1.67,0.83,5.83,100
10,3,10,3,5,110
1.75,1.25,5,3,7.5,95
3.33,1,1.33,1.67,1,30
3,6,5,5,8,144
12.5,3.75,5,3.75,12.5,100
225,7.5,5,3.75,10,150
250,7.5,10,10,5,5
60,1,1,0.6,3,63.79
1.67,0.33,4.17,1.67,6.33,63.33
1.25,0.75,2.5,1.75,2,23.75
3.33,3.33,2,1.67,5,123.33
233.33,1.67,8.33,1.67,10,60
1.25,1.75,5,1.5,7.5,150
5,3,5,2,7,140
25,15,7.5,2.5,17.5,275
0.83,2.5,1.67,1,2.5,60
3,2,2.4,1,5.4,144
5,3.33,3.33,1.67,3.33,146.67
3.33,2,3.33,3.33,8.33,266.67
5,1.25,3.75,0.75,7.5,75
5,3.33,2.67,4,10,200
6,4,4,2,8,100
2.5,2.5,2.5,2.5,11.25,150
10,6,3,3,10,270
1.25,0.25,0.63,0.63,1.88,62.5
6,1.6,3.6,2,5,110
150,3.75,1.25,1.5,12.5,300
75,0.75,1.25,1.25,5,147.37
8.33,2.33,2.67,5,13.33,190
5,5,2.5,1.25,5,90
7.33,4,3.33,1.67,6.67,133.33
1.67,0.67,0.83,1.67,3.33,50
150,3.06,1,2.5,10,217.78
8,0.6,3,1,3,100
5,3,5,2.5,15,150
3.33,0.83,2.5,1.67,3.33,46.67
300,3.5,2.5,1,7.5,190
5,3.33,1.67,5,8.33,176.67
0.75,0.75,2.5,1,3.75,50
3,0.8,4,0.6,3,65
1.25,1.25,1.25,1.25,5,25
3,2,3.6,2,5,100
8.33,1.67,3.33,0.83,3.33,50
3.75,2.5,3,2.5,6.25,187.5
30,0.84,2.4,0.6,2.4,36
125,6.25,5,3.75,7.5,107.63
3.75,1.25,1,0.25,0.5,25
1.67,1.23,2.5,0.83,3,41.67
10,4,2,2,1,120
0.5,0.33,0.5,0.5,2.5,63.33
10,3.87,6.67,5,21.67,266.67
1.3,1,0.4,0.4,2.4,72
2.5,1,0.5,1.5,5,75
125,5,2.5,1.75,3.75,34
4,10,4,6,4,108
7.14,1.43,2.14,2.86,7.14,71.43
1.67,2.83,3.33,1.67,6.67,91.67
0.75,1.25,3.75,0.75,12.5,50
120,0.6,1.2,2,3,74
3.13,3.75,3.75,2.5,4.38,87.5
5,1.67,5,1.67,8.33,125
6.67,3.33,6.67,5,10,133.33
2,2,0.4,0.4,2.4,72
6.25,7.5,5,3.75,7.5,137.5
5,2,5,4,12.5,185
8.33,3.33,3.33,3.33,6.67,133.33
1.67,0.67,1.67,1.33,4.17,62.5
100,2.33,5,3.33,16.67,83.33
50,2.14,0.71,0.71,2.86,63
0.56,1.67,3.33,2.22,2.22,66.67
2.5,1.25,2.5,2.5,3.75,90
2.83,4.67,6,4,6.67,150
120,18,4,5,7,172.63
1.67,1.67,3.33,5,6.67,300
1,2.4,3,1,3,18.2
3.33,3.33,5,3.33,11.67,150
6.25,2.5,1.5,2.5,3.75,87.5
1,1,2,1,4,36
8,2,4,2,4,112
0.6,3,2.4,3,12,100
3.75,3.63,6.25,2.5,10,175
0.17,0.5,0.5,0.5,1.67,50
1,0.4,1,0.6,2,20
4.29,1.43,2.14,0.86,4.29,57.14
2,1,2,0.6,2,40
3.75,1.25,2,0.75,2.5,37.5
0.86,2.14,2.86,0.57,8.57,78.57
100,3.3,1.67,5,5,120
1,1,1,0.8,2,30
1.67,1.67,0.83,0.33,1.67,56.67
5,1.33,2.67,2,6.33,133.33
0.43,0.29,1.43,1.43,2.86,78.57
5,2.5,3.75,3.75,12.5,125
5,1,1,0.75,3.75,85
1.67,2.5,3.33,2.5,6.67,75
300,1.67,1.25,5,5,118.33
0.4,0.67,0.4,0.4,3,80
12.5,5,7.5,2,7.5,325
6.25,1.5,2.5,3.75,7.5,137.5
60,1.4,0.8,1,2.4,133.33
3.33,3.33,10,2,16.67,250
0.75,1,1,0.75,1.75,87.5
28.57,0.29,0.71,0.29,2.14,72.86
40,3,0.6,0.8,5.2,129
1.25,1.25,1.25,0.5,5,33.75
0.83,1,0.83,0.67,1.5,58.33
5,1,5,1.6,6,136
0.71,0.14,1.43,1.43,2.57,25.71
120,2,2,5,30,42
38.17,2.25,2.5,1.25,2.5,90
1.67,1.33,3.33,1.33,6.67,166.67
1,0.6,2,1.6,3,76
12.5,10,2.5,5,17.5,200
1,0.75,0.75,1.25,1.5,32.5
6.25,2.5,3.75,3.75,7.5,175
6.25,1.25,1.25,2.5,10,140
4.17,3.33,2.5,1.67,6.67,125
5,0.83,1.67,2.5,6.67,116.67
12.5,1.75,3,1.5,7.5,91.25
5,2.5,3.33,5,8.33,150
12.5,1,2,0.75,1,150
50,1.95,0.75,2.5,2.5,67.5
2.5,2,1,2,3,120
1,3.33,4,2.33,8.33,106.67
3,3,1.6,2,5,150
10,2,2,1,3,108
75,25,5,25,50,25
2,3,4,4,7,90
0.33,0.33,0.83,0.33,0.67,48.33
3.2,5,3.33,1.67,7.5,133.33
1.88,2,0.63,0.63,1.88,16.25
1.43,1.83,2.14,0.71,2.57,35.71
175,7.5,8.75,5,10,105.92
2.5,7.5,12,6,25,300
2,1,3,1,4,40
1.67,3.33,1.67,1.67,3.33,125
4.29,0.57,0.71,0.36,3.57,57.14
160,6,7,6,8,69.47
5,2.5,2,1.5,6.25,90
60,1.02,0.8,1.3,2.5,33
3,0.6,3.6,2,4,220
0.4,0.4,0.6,1,3,40
100,0.83,3.33,1.67,4.17,22.92
0.2,0.6,1.6,0.4,4,44
2.5,1.25,3.75,7.5,10,137.5
7.5,2.5,5,5,10,200
10,2.8,3.6,1.6,7,80
150,2.13,3,5,6.25,90
2.5,2,8.75,1,20,100
3.75,4.25,2,3,6.25,16.25
2.5,3.75,7.5,1.25,17.5,150
2,2,2.4,1.4,7,80
66.67,2.59,1.67,1.67,3.33,108.57
1.25,0.5,1.5,0.5,3.75,92.5
2.5,1.25,5,7.5,10,137.5
3.33,2.22,2.33,3.33,6.67,113.33
42.86,2.14,4.29,5,4.29,85.14
120,6,4.8,3,6,155.33
85.71,8.57,1.43,1.43,4.29,47.94
2.5,1.92,0.5,0.33,1.67,30
0.71,1.64,2.14,3.57,5.71,92.86
2,1,4,1.6,4,40
75,1.33,4,3.33,1.67,80
4,3,2,1,3,80
11.88,1.5,3.13,0.75,3.25,101.25
9,2,2,5,7,297.6
4,4,5,3,4,130
2.5,3.75,3.5,6.25,11.25,125
5,2.5,5,2.5,6.25,100
15,1.5,7.5,2.5,12.5,375
50,1,1,1.2,1.4,59
2,2,4,2,4,140
2.5,0.83,4.17,1.67,6.67,166.67
80,4,5,3,8,120.8
2,1,5,5,4,150
3.75,1.25,2.5,1.25,3.75,87.5
2.86,0.71,3.57,1,4.57,100
5,3.33,2.33,7.33,10,106.67
26.67,3.33,6.67,5,8.33,133.33
300,1.5,10,2,10,2.34
10,1.25,2.5,7.5,6.25,175
20,12.5,5,3.75,16.25,312.5
6,5,4,2,10,220
6,1.87,4,5,5.6,78
2,6,4,8,6,54
1,0.6,1.6,1.2,4.8,52
3.33,1,3.33,1,3.33,40
1,1.14,1.86,0.57,2.14,45.71
3,1.2,0.8,2,3,46
2,1,3,3,5,200
0.71,2.86,0.71,1.43,2.86,42.86
3.75,1.25,2.5,1.5,6,93.75
6.67,1.67,4,1.67,8,200
0.83,0.5,0.83,0.5,2.5,46.67
3.33,2.5,4.17,2.5,5,91.67
7.5,7.15,7.5,12.5,9,365
8.33,2.5,3,1,5.83,91.67
1.67,2.17,2.5,0.83,4.17,33.33
180,1.25,3,0.4,6,73.25
200,1.85,4,5,8.33,132.59
3.33,1.67,4,3.33,8.33,130
1.5,3.75,6,7.5,6,95
3.33,3.33,4,3.33,8,183.33
2,1,2,0.8,6,148
5,3,3,2,4,130
1,1.17,5,0.67,8.33,66.67
1,1.6,4,0.6,12,76
300,7.5,2.5,2.5,15,214.48
1.67,1.17,0.83,0.83,3,66.67
2.5,2,5,2.5,10,150
3.33,10,5,1.67,8.33,133.33
25,0.5,1.25,1.25,2.25,2.5
127.5,8.33,4.17,5,12.5,125
3.27,5,1.6,3,2.2,104
0.2,1.4,0.4,0.6,2.4,56
5,3,7.5,3,10,300
1.56,1.25,0.38,1.25,1.25,7.5
3,3.75,5,3.75,12.5,125
85.71,1.71,1.43,2.14,2.86,51.43
66.67,0.72,1.67,1.67,3.33,2.5
12.5,10,3.75,3.25,12.5,175
316.67,1,10,2,12,1.78
10,4,5,2.5,12.5,150
10,2.5,5,1.5,10,300
4,3,5,2,8,150
50,1.67,3.33,1,5,156.67
1,0.8,1,1,5,140
35.71,0.71,0.43,0.43,1.43,85.71
8.33,0.67,1.67,2.5,5,63.33
1.25,1.5,3.25,1.25,5,175
8.13,3.25,2.5,2.5,7.5,300
1,3.2,2,2,4,100
75.33,3.75,2.5,1.25,2.5,150
3.33,1.33,8.33,4,13.33,180
1.33,1,2.5,1.17,5,66.67
10,10,10,5,10,250
120,0.4,2,4,20,108
1.33,1.33,1.33,1.67,2.33,100
4.17,1.33,4.17,2,5.83,121.67
2.86,0.57,0.86,2.86,5.71,100
5.36,0.86,1.14,0.29,2.29,21.43
7.5,7.5,7.5,7.5,15,330
3.13,1.25,3.75,2.5,3.75,45
125,2.5,1.5,1.25,3.75,84.25
75,0.67,2,2.5,1.17,0.83
2.5,3.75,7.5,1.25,12.5,187.5
0.6,0.8,0.8,0.6,1.6,70
300,1,8.33,2,10,2
110,4,8,1.6,14,10
1.67,0.83,0.83,1.33,3.33,62.5
2.5,8.2,7.5,7.5,20,250
100,1,3,1,5,43
2,4,5.5,2.5,5,62.5
55.56,1.67,3.33,3.89,3.33,62.67
100,6.67,8.33,10,11.67,294.74
1.67,1.67,4.17,2.5,6.67,83.33
3.33,4.17,5,1.33,2.5,83.33
64.29,1.71,1.71,0.71,3.57,42.57
100,6,7,5,6,175.79
6.25,1.25,3,3,6.25,62.5
0.83,3.33,2.5,1.67,2.5,58.33
5,1.17,1.67,3.33,5,100
375,3.65,2.5,5,15,155.56
6.25,1.25,2.5,1.25,6.25,180
3.75,5,5,1.25,6.25,175
150,4.45,2.5,15,15,171.43
2.5,5,10,7.5,22.5,350
300,5,2.5,5,25,180
120,0.6,1.6,2,2,4
3,2,2.4,4,8,100
5,3,2.5,1.5,1.5,92.5
60,4,1,2,6,165.26
2.5,2.5,3.75,2,5,90
1.25,1.5,1.5,1.25,2,237.5
57.14,0.43,2.14,0.43,3.57,81
1.2,1,3,1.2,3.6,64
5,3.33,3.33,2,8.33,166.67
3.33,1.33,1.67,1,5.83,120
10,2.5,5,7.5,10,175
150,3.75,8.75,5,10,189.47
7.5,1.25,2.5,7.5,8.75,150
3,1,2,8,2.4,160
10,3.33,5,5,13.33,216.67
2.5,2.5,5,1.67,11.67,125
0.83,1.17,2.5,0.67,10,66.67
187.5,2.5,12.5,0.5,11.25,25
2,1.4,2,4,6,74.4
3.33,4.67,6.67,5,15,166.67
1.79,1,2.14,2.86,10,64.29
6.67,1,3.33,0.67,8.33,150
185.71,7.14,6.86,2.14,10,93.57
5,2,3.33,1.67,8.33,60
0.83,3.17,2,2.5,5,66.67
300,5,6.25,2.5,10,78.95
10,1.58,3.33,3.33,5,133.33
1.67,5.83,5,5,15,166.67
2.86,0.71,1.14,2.14,3.57,71.43
3.33,6.67,3.33,3.33,6.67,66.67
1.75,1.25,2.5,2,6.25,97.5
0.5,0.83,0.83,0.83,1.67,36.67
3.33,2.5,2.5,1.67,3.33,66.67
1.25,2.5,1.25,1.5,5,55
66.67,0.33,1.67,0.56,2.22,28.06
1.25,2.5,7.5,1.25,15,225
25,2.5,3.75,2.5,7.5,37.5
3.33,1.67,1,5,3.33,90
12.5,25,12.5,12.5,15,250
100,2,1,1,1,161
1.67,0.83,6.67,2.5,6.67,130
200,1.33,5,1.67,8.33,133.33
0.5,1.25,0.5,2.5,5,150
3.33,3.33,3.33,5,5,233.33
60,0.6,2,0.6,4,74.67
0.83,0.33,1.67,2.5,3.33,33.33
0.8,0.8,0.6,0.2,1.2,32
1.25,1,1,0.5,5,75
135,2.5,6,6,15,115
2,0.4,2,0.4,4,80
10,5,6.25,3.75,8.75,120
25,5,1.25,2.5,3.75,75
30,1.5,3,1.75,2,0.25
13.75,1,1.25,1.25,15,62.5
75,2.5,1.25,2.5,12.5,10.4
5,5,7.5,5,10,270
10,1.67,3.33,1,6.67,133.33
200,3.33,1.67,10,16.67,107.33
8.57,4.29,2.14,1.86,4.29,85.71
1.25,2.5,5,3.13,10,91.25
150,2.1,2.5,3.75,8.75,69.85
1.67,1.67,2.08,1,1.67,25
1,0.8,0.4,1.5,2,72
150,3.75,6.25,7.5,10,47.37
3.75,8.75,6.25,8.75,6.25,70
2.5,5,7.5,2.5,12.5,125
64.29,0.74,1.43,4.29,4.29,1.43
4,2,1.4,1,1.4,54
1.5,0.5,7.5,7.5,7.5,187.5
250,1.5,7.5,1.5,12.5,283
4,3,2,2,5,72
2,1,4,1,14,150
2.75,3,5,2,5,280
300,2.5,12.5,2.5,15,5
6.25,3.75,10,7.5,12.5,100
2,0.6,1,2.2,3.3,58
0.83,1.63,3.67,2.5,6.67,83.33
4,0.8,2.4,1.2,4,70
3.75,0.88,1.5,2,20,87.5
2.67,0.63,3,1.67,4.17,6.67
1.5,1,3.75,0.5,15,175
6,5,4,3,8,50
1,0.8,1.2,1.2,4,44
0.71,0.29,0.86,1.14,2.14,42.86
200,6.67,3.33,3.33,8.33,68.25
75,2.5,6.25,3.75,7.5,101.32
0.5,0.63,0.5,0.25,1.25,45
0.83,1.67,0.83,0.83,2.5,41.67
7.5,2.5,2.5,3.75,7.5,100
6.25,3.75,2.5,3.75,7.5,180
0.6,2,1,2.8,1.6,44
1,0.83,0.67,1,2.33,20
12.5,5,2.5,4,7.5,175
1,1,0.8,0.6,1.6,90
80,2,0.6,1,8,120
1.2,1,1,0.8,2.4,150
2,2,2,2,10,100
2.5,5,10,2,6.25,182.5
1.25,1.5,1,1,2.5,162.5
5,1.67,2.5,1.67,4.17,120
72,2.76,1,2,6,84
75,1.25,0.75,1.5,6.25,82.5
200,5,3.33,1.67,11.67,214.67
100,0.5,0.83,3.33,10,20.13
1,0.86,0.71,0.86,2.43,92.86
3.7,1.4,3,2.4,6,92
0.6,2,1,5,5,112
2.67,1,2,2.33,3,66.67
4,2,2.4,2,2,73
300,10,5,2.5,13.5,287
1,5,5,2,20,140
5,1.17,1.67,5,6.67,116.67
2.5,1.25,3.75,3.75,7.5,100
5,2.5,2,5,6.25,112.5
5,1.67,3.33,2,5,83.33
160,12,4,2,10,70
1.33,2.33,2,3.33,10,50
1.5,1,2.5,1.25,6.25,62.5
1.43,2.57,2.14,1.43,4.29,57.14
150,1.53,7.5,2.5,10,2.5
3.75,1.25,2,2.5,10,135
33.33,0.83,1.11,1.11,2.22,50
2,3,1.2,2,5,90
150,7.5,8.75,10,7.5,84.47
3.33,2.5,2.5,1,5.83,125
1.43,1.93,1.43,1.14,2.86,42.86
1.67,1.33,2,2,5,126.67
6,0.6,4.8,2,5,130
66.67,5,6.67,5,10,72.28
4,0.8,3,0.6,6,60
5,2,2.5,7.5,10,150
6.25,5,5,2,8.75,180
6.25,1.25,1.25,0.63,2.5,75
0.88,1,1.25,1.25,6.25,125
5,2.75,3,5,5.83,182.5
1.5,1.25,1.5,1.25,2.5,175
2,3.33,2.33,3.33,11.67,223.33
75,13.13,3.75,5,12.5,31.25
2.5,3.75,7.5,11.25,12.5,200
3,1,2.8,1.6,6,108
2,5,7.5,2,17.5,175
2.5,1,4.17,2.5,6.67,120.83
10,1.4,5,3,3,190
4.29,2.14,2.14,4.29,2.14,157.14
1.2,1.4,1.4,1,2.8,140
4,1,2,2,5,111.6
5,1,0.83,2.5,3.33,83.33
3.75,1.5,2.5,3.75,6.25,137.5
6.67,3.33,2.67,3.33,3.33,48.33
0.83,2.5,2,2,5.83,83.33
13.75,2.5,5,2.5,15,100
5,5,12.5,4,20,400
0.4,0.4,0.8,0.4,1.4,30
5,1.25,2.5,1.25,3.75,43.75
83.33,0.83,1.67,0.83,4.17,58.33
10,2,2,2,10,140
2.5,1,1.5,1,7.5,90
0.8,2,5,0.8,14,150
27.5,15,10,5,12,90
5,2,2.4,2.4,4.8,86
5,7.5,7.5,10,15,125
3.57,1.43,2.86,2.14,7.14,131.43
2,2.66,5,3,10,200
1.25,2.5,2.5,3.75,6.25,275
50,5,4,2.5,5,67.5
1.43,0.43,0.57,0.29,2.14,43.57
100,0.83,1.67,1.67,4.17,3.33
200,2.17,3.33,1.67,3.33,16.25
5,5,5,25,10,495
8,6,5,4,6,110
102.5,7.6,10,10,25,250
30,4,0.6,0.6,2,120
0.92,1.67,3.33,1.17,5,100
1.25,1.75,2.5,5,10,100
10,2.5,5,10,15,350
0.83,0.33,1.67,0.33,6.67,41.67
150,3.75,3.75,2.5,10,150
1,0.4,2,1,6,60
2.5,0.63,1.5,1.25,3.75,115
5,0.75,3.75,0.75,3.75,100
0.8,1,4,0.4,8,100
1.25,0.75,1,0.5,2.5,37.5
83.33,5,6.67,6.67,18.33,100
125,2.5,5,7.5,7.5,85
200,3.33,10,3.33,11.67,160
1.6,1.67,3.33,2,2.67,100
6.25,1.5,3.5,1.88,3.13,73.75
4,0.6,3,0.8,5,108
120,1,1,1,5,103.58
2.5,4.6,3.75,3.75,6.25,100
1.67,1.33,3.33,1.67,6.67,120
3.33,1,2,3.33,6.67,186.67
3.33,2.5,1.67,1,5.83,116.67
7.5,10,1.25,1.5,6.25,100
1.33,1.67,8.33,1,20,133.33
33.33,2.33,0.5,2,2.5,116.67
3,1.2,1.6,1,4,36
25,3.75,6.25,2,15,125
12.5,1.25,2.5,3.75,6.25,135
250,2.5,7.5,2.5,7.5,225
150,5,10,6.25,11.25,26.84
15,2.5,7.5,7.5,7.5,62.5
7.5,5,7.5,4,7.5,130
12.5,2.5,2.5,1.25,5,125
3,2,4,2,7,108
5,5,7.5,5,5,225
1.5,2,1.25,1.25,2.5,162.5
10,1.33,5,1.33,8.33,183.33
2,0.6,3,3,10,72
47,1,2.4,2,2,62.8
120,0.6,1,0.6,6,150
3.33,1.67,3.33,1.67,5,166.67
44.76,0.67,3.33,0.33,10,133.33
10,2.25,3.5,7.5,17.5,250
1.94,0.5,0.44,0.83,1.11,13.33
2.5,1.25,7,3.75,6.25,92.5
1,1.4,6,2,10,110
3,8,4.4,2,6,120
1.67,0.5,1.67,0.33,1.67,41.67
3.33,2.5,2.5,0.83,3.33,60.83
41.67,1.33,0.83,0.5,2.17,62.67
150,2.5,7.5,2.5,10,75
3.33,0.5,2.5,5,17.5,30
8.33,3.33,5,1.67,6.67,133.33
8.33,1.33,5,1.67,6.67,150
3.75,3.75,3.75,1.25,7.5,212.5
15,1.83,3.75,3.75,6.25,182.5
1.67,1,1.67,1,5,120
62.5,5,1.67,8.33,5,91.33
12.5,2.5,3,2.5,6.25,95
2.5,0.75,2.5,0.75,5,90
1,1.25,1.25,0.5,2.5,125
10,2,4,2,3,70
2,3,2.4,4,8,96
3,1,4,4,8,72
1.25,1.25,1.5,2,3.75,47.5
5,0.75,3.75,2.5,15,100
133.33,0.33,1,1.33,1.67,106.67
7.5,1.25,3.75,3.75,6.25,195
6,2,3,2,4,36
266.67,2.67,10,3.33,13.33,45
125,0.75,3.75,0.75,6.25,51.25
2.5,2.13,0.75,1.25,8.75,90
2,1,2.4,1.4,4,80
3,0.6,2,4,6,80
44,0.8,1.6,1.8,1.4,1
106.67,1.67,3.33,4,3.33,0.67
1.67,1,1.67,3.33,8.33,100
3.75,5,3,6,6.25,53.75
3,2.5,2.5,2,6,275
2.5,2.5,2.5,3.75,3.75,37.5
5,1.25,4.5,5,5,230
8.33,3.33,3.33,1.67,5,136.67
137.5,2.5,2.5,7.5,3,1.88
120,4,6,4,7,70.11
0.6,0.6,1,1,3,50
300,8.7,12.5,5,17.5,109
2.5,1.33,0.83,2.5,5,83.33
166.67,5,3.33,1,8.33,193.07
5,2.5,5,5,12.5,200
10,1.2,5,2,6,78
60,3,3,2,5,65.26
7.5,8.75,3.75,3,2.5,37.5
125,0.75,7.5,2.5,3,5
1.75,1.25,3,1.5,6.25,90
66.67,6.67,6.67,5,6.67,68.86
0.71,0.43,3.57,0.71,4.29,42.86
0.29,0.43,1.14,0.43,2.14,77.14
0.6,0.8,0.8,0.8,1.4,100
150,3.75,5,2.5,10,103.95
5,5,7.5,5,15,350
2.86,4.29,1.43,0.71,4.29,42.86
1.2,2.4,4,2,12,200
110,2,2,4,8,40
4,12,2,6,6,70
1.25,0.5,1.75,2.5,2.5,90
100,4,6,3,6,72.21
7.5,5,5,5,20,310
175,5,10,7.5,12.5,139
8,2,4,2,6,70
1.67,1.67,0.83,0.83,4.17,66.67
7.5,1.75,2.5,3.75,10,162.5
7.5,2.5,3.5,1,7.5,100
1,1,2,2,5.6,80
2.4,1.8,4,2,7,74
0.67,0.33,0.83,0.83,1.67,18.33
2.5,3.2,12.5,7.5,20,250
1.67,3.33,1.67,3.33,6.67,83.33
30,2,6,2.5,12.5,225
6.67,5,5,10,13.33,216.67
2.5,8.75,5,6.25,8.75,212.5
6,2,3,4,6,120
2.5,2,1.5,2.5,7.5,90
5,3.33,3.33,3.33,10,160
0.29,0.29,0.43,0.29,1.43,24.29
1.43,2.14,1.43,1.43,7.14,85.71
1,2.4,3,4,6,60
60,1,1,0.6,3,60.63
50,12.14,1.43,0.29,1.43,5.71
0.57,0.57,0.57,0.43,1.14,25.71
1.33,1.33,1.67,0.67,2.67,58.33
1,0.6,2,0.6,3,40
8.33,3.33,8,5,10,143.33
23.33,3,10,5,25,360
1.25,3.52,2.5,1.67,5,83.33
28.33,0.5,0.83,0.67,1.67,26.67
2.13,0.75,1.25,2.5,2.5,90
3.6,3,3,2,5,100
100,0.45,2.17,2.5,3.33,3.33
1.67,1.67,3.33,1.67,3.33,91.67
2,1,2.4,1,2.4,74
1.67,1.67,4,1.33,13.33,100
6,4,3,1.2,8,220
10,1,3.33,1,6.67,183.33
2,1,1,0.6,2.4,70
12,1,7,0.6,5,96
5.45,0.91,2.73,0.91,4.55,36.36
2,2,1,2,4,60
1,1,3,0.6,6,80
180,1,1,2,8,112.63
100,10,8.33,5,13.33,289.47
0.71,2.86,1.43,0.43,2.86,51.43
0.5,0.33,3.33,0.67,6,30
126.67,1.67,10,10,10,13.33
1.17,3.33,5,0.83,10,125
7.5,7.5,6.25,6.25,8.75,175
3,1.2,2.4,1.2,4,44
2.5,1.67,4.17,1.67,6.67,70
1.25,1.75,1.25,1.25,12.5,50
50,0.5,1.67,0.83,4.17,16.67
10,6.67,3.33,6.67,10,200
2.5,0.67,2,0.83,2.5,70
8.33,4.17,3.33,3.33,5,113.33
1.67,1.67,4.17,2.5,8.33,116.67
8.33,0.83,3.33,1,3.33,41.67
3,2,2,1,4,140
2,2.4,6,5,6,120
71.43,14.29,2.86,1.43,5.71,1.43
20,3.75,3.75,2.5,7.5,87.5
10,6,6,4,6,220
120,14,4,2,10,80
266.67,3.33,5,1.67,10,6.67
0.75,1,2.5,2.5,5,37.5
2.29,1.88,1.25,1.25,7.5,87.5
1.67,0.5,3.33,0.5,5,83.33
2.5,0.88,2.5,1,4.5,75
83.33,0.77,3.33,1.67,5,2.08
91.67,3.33,3.33,5,4.17,1.67
1,2,6,1,12,140
6,0.6,1,2.4,2,80
125,3.75,6.25,3.75,7.5,218.42
137.5,12.5,5,3.38,12.5,60
4,3,4,4,8,70
1.25,4.7,5,2.5,10,125
1.11,0.44,1.11,0.56,1.11,44.44
1,1.2,2,1,4,144
6,1,3,0.6,4,110
3.33,1.33,1.11,1.67,3.33,66.67
166.67,8.33,2.5,3.33,6.67,27.5
20,0.8,3,2,5,100
300,5,2.5,5,15,217.9
0.38,0.5,0.5,1.5,4.5,75
1.67,3.67,5,5,13.33,133.33
1,0.4,1.2,0.4,2,20
1.25,0.5,1.25,1.25,3.75,97.5
1.5,1.25,2.5,3,6,125
8.33,2.67,3.33,5,8.33,200
60,1,1,1,2,34.21
3.75,2.5,3.75,7.5,3.75,100
45,0.8,2.4,3,1.6,71.33
6,2,2,2,8,70
4.17,0.67,0.83,0.83,4.17,63.33
200,6.67,10,5,11.67,314.81
5,5,5,3.75,6.25,137.5
0.75,0.5,0.75,0.63,1.5,25
4,3,4,4,10,100
2.5,1.25,6.25,1.75,5,105
225,10,6.25,5,12.5,116.67
125,1.25,5,1.25,6.25,269.17
2.5,0.33,2.5,0.5,4.17,66.67
12.5,7.5,4,2.5,18,335
7.5,2.5,3.75,7.5,3.75,135
2.73,1.5,1.5,2,5,90
3.33,1.11,2.22,1.11,2.22,44.44
2.96,3.75,5,5,6.25,187.5
2.5,2,5,1.5,2.5,185
5,1.17,2.5,4.17,6.67,133.33
8,3,4,3,6,140
2.5,1.67,5,0.83,10,96.67
0.8,2,2,1.6,8,80
200,1.06,3.33,1.67,6.67,86.11
1,3.44,4,3,6,130
5,1.31,6,2.5,7,158.75
80,0.6,4,0.6,5,112.2
3.75,3.75,2.5,2.5,15,150
120,1,4,1,6,8
7.5,5,5,2.5,15,100
2.14,3.57,3.57,3.57,4.29,102.86
160,3,6,4,7,83.16
5,2.5,3.33,5,8.33,83.33
1.25,2.7,4.5,3.75,8.75,125
2,2,3,3,5,200
75,0.75,2.5,1.25,6.25,25
0.25,0.75,2.5,0.5,7.5,37.5
2,4.7,4,3,7,120
40,2,3,2,2,144.12
1,1,0.6,0.6,3,36
60,4,6,4,6,120
2,3.33,2.5,0.83,1.67,63.33
2.5,1.67,1.17,1.67,5,50
1,1.25,1.25,0.75,2.5,87.5
5,1.25,2.5,1.25,5,135
150,1.25,1.25,2.5,12.5,50
75,2.5,2.5,8.75,15,37.5
2.27,2.27,1.36,0.45,3.64,86.36
2.86,0.71,1.43,1,2.86,100
55.71,1.43,5.71,4.29,7.14,56.43
0.5,0.83,0.83,0.5,0.83,16.67
360,10,5,10,3.5,110
1.2,3,4,1.2,12,150
3.75,7.3,7.5,7.5,15,150
1.88,0.5,0.75,1.5,1.25,45
2,2,2.4,2,3,50
275,10,10,15,12.5,5
5,2,0.83,1.17,2.5,60.83
10,2,2,3,1.6,60
7.5,2.5,6,4,11,135
5,7.5,2.5,3.75,12.5,180
4.29,0.86,2.86,1,4.29,77.14
4,2,5,2,10,133.33
5,2.5,5,1.25,7.5,90
1.25,1.5,1.5,1,2.5,212.5
3.33,8.33,5,1.67,10,166.67
1.67,2.5,4.17,1.67,1.67,3.33
140,6,7.2,2,5.6,70
17.5,7.5,10,3,12.5,180
116.67,2.78,4,5,8.33,195.56
2.5,2.5,3,2.5,5,55
5,2,3,5,7,216
3.33,1.67,2.5,1.17,4.17,166.67
10,14,3,1,5,120
250,12.5,7.5,6.25,10,85.26
225,5,3.75,2.5,10,111.84
1.11,0.56,2.22,2.22,2.78,14.44
0.86,1.43,2.86,0.57,7.14,57.14
5,1.33,3.33,1.67,6.67,240
200,11.11,1.67,3.33,7.22,35.19
1,1.2,1,0.8,2,130
3,0.8,1.6,1.2,2,100
3,1.4,2.6,2,4,100
1.25,1.25,6.25,2,10,187.5
5,2,7.5,3.75,7.5,62.5
2.5,2.5,3.33,3.33,5.83,83.33
10,5,7.5,5,12.5,225
7.5,7.5,3.75,2.5,7.5,175
1.43,2.14,2.86,0.71,10,107.14
4,0.6,0.8,3,3,34
5,2.5,5,2.5,7.5,150
5,1,7.5,1.5,10,250
0.83,0.33,0.67,1.67,1.67,33.33
0.33,0.5,0.67,0.5,0.83,26.67
16.67,5,1,3,6.67,120
5,2.5,5,5,6,50
2.14,1.57,2.14,2.14,3.57,107.14
70,0.4,3,0.4,5,112.6
300,2.2,5,10,20,208.5
150,180,5,15,15,25
12,10,0.6,2.6,4,120
150,5,5,10,12.5,237.5
5,5,6,1,8.75,137.5
200,7.5,7,2.5,11.25,133.75
75,3.75,1.25,2.5,3.75,145.83
133.33,3.33,3,8.33,10,70.37
1.67,1.67,2.5,1.67,1.67,60
85.71,0.43,2.14,1.43,14.29,109.29
7.5,1.25,2.5,1.25,7.5,75
3.33,1.67,1.33,2.5,4.17,125
2.86,2.14,1.71,1.43,5.71,100
10,2.4,3,4,5,196
50,1.77,0.83,6.67,5,60
1.67,1.67,2.67,1.33,5,60
1.25,0.63,1.88,1.25,6.25,68.75
1,2.4,2.4,1,10,70
0.6,0.8,0.6,0.4,1,32
85.71,2.86,1.43,0.86,3.57,67
100,0.83,2.5,0.83,3.33,100
6.67,5,3.33,1.67,15,60
95,10,2.5,2.5,18.75,63.33
10,2.5,2.5,7.5,12.5,125
10,1,0.6,0.8,5,100
100,2.67,3.33,1.33,33.33,3.33
3,2,1.4,2,4,56
1,0.83,2.5,1.5,5,50
100,3,2,2,6,37.47
0.57,0.71,0.57,0.57,1.14,71.43
6,3,3,1.2,3,130
2.5,0.75,1.75,1.25,3.75,180
1.17,0.83,1.67,0.83,2.5,50
100,0.83,3.33,0.83,3.33,70.83
150,7.5,2.5,2.5,12.5,211.84
3.33,3.33,6.67,3.33,8.33,123.33
2.5,4.63,6.25,2.5,10,125
8.33,3.33,1.67,1.67,6.67,66.67
26.67,0.5,0.83,0.83,0.5,34.45
4,4.67,4,3.33,11.67,183.33
100,5,5,2.33,6.67,102.98
1.25,3.75,3.75,2.5,5,9
1.25,0.5,1.25,0.25,1.5,37.5
3.33,5,2.67,2.5,8.33,100
3.75,1.25,3.75,1.25,5,125
2,1.6,2,2,6,50
225,6.25,2.5,2.5,11.25,109.87
2.3,1,2.4,2,5,80
1.6,4,6,1.2,12,150
35,1.25,1.25,0.5,2.5,50
3.33,1,1,1.67,8.33,100
70,3,2,7,10,2
112.5,7.5,6,6.25,9,45
4,0.6,1,1,4,140
3,0.6,4,1,12,120
4,2,1,5,6,120
300,10,17.5,10,20,215.79
150,1.7,2.5,5,7.5,118.5
3.33,1.67,3.33,1.67,8.33,133.33
4.38,0.25,1.88,0.63,1.88,45
2,3,4,3,3,40
64.29,0.71,2.86,2.57,2.29,0.71
1.67,1.67,3.33,2.5,6.67,100
62.5,1.25,2.5,1.25,3.75,2.5
3.75,1.25,1.25,1.25,2.5,100
1,1.28,3,2,7,80
24,3,3,1,5,60
200,12.5,5,7.5,25,115
6.25,7.5,3.75,1.5,7.5,175
120,10,4,6,8,49
1.17,1.5,2.83,2.5,6.67,121.67
0.71,0.29,1.43,0.29,2.14,14.29
140,4,6,4,8,107.37
3.75,5,2.5,3.75,6.25,137.5
5,2.5,8,5,10,75
5,2.5,2.5,1.25,3.75,100
1.43,0.71,2.14,0.71,2.14,50
6.67,2,3.33,6,6.67,216.67
85.71,1.35,1.43,1.43,7.14,94.6
125,10,5,5,10,111.88
80,0.6,3,0.6,4,112.4
0.75,3.13,2.5,1.25,3.75,87.5
5,2.5,4,4,12.5,108
2.4,0.6,0.6,1,2,70
25,2.5,3.75,1.5,12.5,250
1.43,1.14,1.71,1,2.86,85.71
4,4,3,4,12,160
1.25,1.25,1.5,1.25,2.5,137.5
250,7.5,10,15,25,294
0.5,0.5,1.25,0.5,2.5,45
275,7.5,5,12.5,6.5,2.5
11.67,8.33,3.33,6.67,6.67,166.67
125,2.5,2.5,2,7.5,72.9
7.5,2,2,3.75,7.5,65
1.25,2.75,6.25,5,11.25,175
1.25,1.25,1.5,2.5,3.75,56.25
8.33,1.67,2.5,1,5,83.33
2.5,1.25,1.25,2.5,3.75,37.5
2.43,0.33,2.17,0.83,8.17,25
10,3.75,4.25,2.5,7.5,112.5
4,1,5,1.4,4,118
5,7.5,2.5,1,5,120
1,2,3,2,6,80
45,1.75,1,1.5,1.25,2.5
10,2,2,1.2,5,73
1.67,3.95,4.17,2.5,10,108.33
1.67,0.5,1,0.33,1.67,33.33
120,1.28,4,2,8,2
57.14,2.86,1,1,2.86,70
1,0.6,0.4,0.4,2,30
60,0.4,3,1,5,2
2.33,3.33,6.67,1.67,16.67,116.67
1.25,1.25,1.25,1.5,6.25,90
2.5,4.17,1.67,0.83,4.17,70
1.25,0.63,1.25,0.38,2.5,43.75
225,6.25,3.75,3,7.5,207.9
180,1.96,2,2,10,81.2
125,0.75,3.75,0.5,6.25,52.08
1.25,2.13,0.5,1.25,2.5,150
0.45,0.55,0.45,0.27,0.73,45.45
0.71,0.86,3.57,1.29,5,77.14
7.14,1,2.14,0.86,4.29,78.57
2.4,0.6,3.2,3,4,76
185.71,4.29,5.71,5.71,7.14,117.29
5,5,2.5,5,10,275
5,1,4,1,7.5,150
1.25,1.5,3,2,5,62.5
2,3.2,5,3,9,130
0.6,0.8,0.8,0.6,1.2,66
5,4,2,3,6,90
35.83,1.67,2.5,0.83,1.67,21.67
20,1.5,7.5,2.5,7.5,500
45,1.67,1,0.42,2.5,43.17
20,5,2.5,10,15,200
150,2.5,3.75,1.25,3.75,10
1.67,1,1,2,4,100
25,10,13,10,15,400
5,3.75,3.75,5,10,87.5
100,4.17,3.33,2.5,5,115.2
27.5,0.75,0.75,1,0.75,90
3.33,1.17,2,0.83,3.33,66.67
1.67,1.67,4,4,8.33,250
35,1,1,6,5,93.33
3.33,1.67,1.33,2,4.17,91.67
2,10,2.4,3,2,30
100,0.75,3.75,0.5,6.25,141
150,2.5,2.5,1.17,4.17,123.69
1.67,0.5,0.83,1,3.33,83.33
1.43,14.29,5.71,2.86,3.57,178.57
2.67,8.33,6.67,6.67,13.33,180
13.33,1.67,5,2.67,11.67,233.33
257.14,3.57,0.71,2.86,4.29,75.71
2.5,1,1.25,1.25,6.25,93.75
5,1.2,4.8,1.2,8,90
0.71,1.14,1.71,3.43,4.29,71.43
4.29,2.86,2.86,1.43,2.14,77.14
0.71,2.43,0.86,0.43,0.86,52.86
1.6,10,4,4,8,150
5,1.5,2.67,1,8.33,100
5,1.67,5,3.33,10,166.67
1,2,1.6,1.4,4,30
1.67,1,1,2,3.33,40
2,1,1,2,4,70
100,1,4,1,5,75
2.38,2.14,1.43,1.43,2.29,85.71
1,2.5,2.5,1.25,3.75,25
1.43,2.86,2.86,0.71,5.71,85.71
140,14,2.4,2,5,47.78
120,1,2,2,20,20.8
85.71,2.86,3.57,2.86,4.29,50.53
0.83,0.33,2.5,2.5,5,73.33
1,2,3,5,10,72
1.25,2.81,3,1.25,10,46.25
1,0.75,2.5,0.5,7.5,50
7.5,1.5,2.5,5,10,150
100,2,1.2,3,2.4,175.56
0.75,0.75,0.75,0.5,1.5,42.5
8.33,4.17,2.5,4.17,3.33,116.67
5,0.83,0.83,1.67,5,100
6.67,0.5,1.67,0.83,0.83,16.67
4,3,4,2,6,140
175,7.5,7.5,5,12.5,225
3.17,2,2.4,1.2,4,60
45,1.25,1.25,0.63,3.75,53.95
0.71,2.86,2.14,2.14,7.14,71.43
114.29,7.14,2.14,0.57,7.14,47.62
1.25,3.98,5,3.75,10,175
3.75,1.5,2.5,3.75,5,112.5
7.5,5,3.75,2.5,7.5,175
200,8.33,3.33,2.5,10,100
1.67,3.33,0.83,0.5,1.67,50
8.4,1.4,1.8,1.8,8,90
3.33,0.83,2.5,0.83,5,70
0.83,2.43,4.17,1.67,5,116.67
6.25,3.75,5,3.75,7.5,175
1.25,3.95,5,2.5,10,137.5
1.25,4.55,6.25,2.5,11.25,137.5
0.91,1.82,0.55,0.91,0.91,51.82
0.67,1,1.67,1.33,5,50
110,0.6,2,3,5,0.6
0.83,3.3,2.5,1.67,6.67,50
6.67,5,3.33,1.67,5,166.67
5,3.33,3.33,3.33,8.33,245
83.33,1.67,2.5,0.83,3.33,60
10,3.33,15,10,23.33,206.67
3.75,5,5,3.75,10,137.5
3,2,5,1,10,140
1,3.04,3,3,8,100
6.25,3.75,3.75,3,11.25,125
3.57,2.14,2.14,0.71,2.86,92.86
8.33,5,4.17,1.67,4.17,120
41.67,1.67,1.67,16.67,16.67,233.33
2.19,1.5,1.25,2.5,3,32.5
10,2,5,2,8,144
72,0.6,2,2,10,140
5,4.17,3.33,4.17,10,116.67
0.83,0.83,1.67,0.83,4.17,60
4.17,2.5,2.5,0.83,5.83,60
3.33,10,8.33,8.33,11.67,180
300,7.5,12.5,10,15,300
8.33,1.67,1.67,1.67,4.17,60
2,3,5,3,5.4,140
8.33,3.33,8.33,3.33,10,121.67
0.83,0.33,1.67,0.5,3.33,60
30,5,5,5,25,190
4,1.67,5.83,3.33,6.67,83.33
10,12,3,1,4,120
3,2.6,2.4,1.6,5,73
7.5,5,12.5,12.5,10,87.5
2,2,2,1,3,72
3.75,1.25,3.75,1.25,5,100
0.67,1,0.83,0.83,2,141.67
0.83,0.83,5.83,3.33,13.33,83.33
12.5,3.75,7.5,5,15,137.5
100,1.85,1.33,3.33,1,127.78
100,3.33,3.33,0.83,5.83,111.33
100,3.75,10,7.5,15,123.75
1.25,1,1.25,1,3.75,175
3.33,2,2,2.4,6,70
1.25,1.88,1.25,1.25,1.88,45
3,0.8,2,0.8,4,100
4,3,3,0.8,6,90
30,3,0.5,1.3,1.5,38
2.5,0.75,2.5,1,5,112.5
2.14,0.43,0.71,0.43,0.86,85.71
80,3,4,2,6,68.84
1.67,0.67,2.67,0.83,5,63.33
5,8.33,1,2.5,3.33,41.67
100,0.67,3.33,0.67,5,175
7.67,3.5,5,3,15,180
7.5,4,5,10,15,200
61.67,0.83,0.33,4.17,2.5,69.72
0.71,0.97,2.86,2.14,5.71,100
1.43,2.14,2.86,1.14,5.71,75.71
1.67,0.5,3.33,0.83,10,63.33
133.33,6.67,5,1.67,6.67,60
100,1.67,1.67,0.83,6.67,56.37
67.5,1.5,1.25,5,7.5,50
3.33,0.83,5,3.33,6.67,66.67
7.14,1.43,1.43,1.43,7.14,100
68.75,2.5,1,0.38,2.5,69.8
2,1.2,1,0.8,6,94
4,2,4,2,6,60
5,6,4,6,6,150
3.75,0.5,1.5,2.5,15,200
4.29,2.14,0.29,0.86,2.86,35.71
300,10,5,10,10,285.5
2,1,3,0.4,4,50
120,1,2,2.4,20,80.2
58.33,0.83,2.5,0.33,4.17,33.33
0.4,0.6,1,3,2.8,40
160,1.44,2,2,10,63.43
76,1,2,2,3.6,53.6
125,7.5,8.75,5,12.5,214.47
7.5,2.5,2.5,2.5,12.5,180
2.5,6,6,5,12,150
2.27,1.36,0.91,0.91,2.27,36.36
150,6.25,5,1.25,8.75,171
150,0.5,7.5,2.5,7.5,2.5
2.5,1.25,5,3.75,8.75,112.5
3.33,1.67,1.67,1.67,5,95
2.5,2.5,6.25,3.75,10,150
1.25,1.5,1.25,1.25,2.5,137.5
2.14,1.43,2.14,0.43,2.14,50
2.14,0.71,2.14,2.14,3.57,71.43
3,4,2,2,7,150
2.5,1.13,3,3,3.75,95
16.67,3.33,3.33,1.67,6.33,53.33
10,5,5,2.5,10,125
4.17,3.33,1.67,3.33,8.33,150
7.5,1.5,5,5,12.5,150
3.33,1.67,2.5,1.33,5,120
5.83,1.67,3.33,1.67,5,91.67
4,2,2,1.2,7,140
2.5,3,2.5,2.5,5,350
12.5,1,1.5,5,20,200
3.75,1.25,3.75,3.75,7.5,112.5
1.67,0.67,1,2.5,1.67,50
6.25,3.75,2.5,3.75,25,87.5
4,2,1.6,0.6,5,72
3,4,2.4,3,8,100
7.14,8.57,2.14,1.43,4.29,114.29
83.33,5,6.67,4.17,6.67,142.11
31.25,1.11,0.63,0.63,1.88,78.06
1,2.8,5,4,10,140
1.25,1.25,1,2,3.75,62.5
120,1,1,1,5,73.53
0.33,1.17,1.33,2,5,58.33
3,2,5,4,5,150
10,1.67,3.33,1.67,6.67,100
1.67,1.67,1.11,2.22,7.78,40
100,3.33,1.67,3.33,16.67,33.33
0.86,1.43,0.57,1.14,2.57,32.86
1.5,1.5,2,1,3.5,175
37.5,0.38,1.25,0.38,2.5,14.06
100,3.75,5,2.5,7.5,120.66
7.5,3.75,4,1.25,7,75
1.88,3.75,7,3.75,10,125
0.83,1,1.67,2.5,1.67,33.33
12.5,1,2.5,2.5,5,90
2.5,1,3.75,6.25,3.75,120
1.43,0.71,0.71,1.43,3.57,42.86
20,1,1.5,8,15,150
80,0.4,1,0.6,3,36
2.14,0.57,0.57,0.29,3.57,71.43
7.5,5,3,5,20,175
1.67,2.5,2.5,2.5,4.17,91.67
1.67,7.33,10,5.67,16.67,366.67
0.43,0.57,0.86,0.71,1,26.43
3.33,25,3.33,1.67,10,125
6,2,3,1,6,220
2.86,2.86,4.29,1.43,5.71,107.14
125,5,6.25,7.5,8.75,122.37
5,11.2,10,7.5,20,300
3,4,4,1,12,180
50,1.2,2,0.6,5,69.33
2.5,1,3.75,1.25,5,100
1,1.2,2.8,2.4,2,13.2
2.5,3.75,5,2,7.5,200
0.33,0.5,1,0.33,3.33,20
83.33,5,5,3.33,5,128.95
7.5,12.5,7.5,2.5,7.5,225
3,1,2,1,2,60
6,6,4,4,6,372
4,5,2.4,4,6,80
3.33,1.67,2,0.83,3.33,83.33
1.67,0.83,1,2.5,2.5,25
39.29,0.36,1.07,0.36,1.43,33.57
1.25,1.25,2.5,2.5,5,93.75
1.43,1.43,1.71,0.57,7.14,71.43
125,7.5,5,6.25,10,150
5,5,8.33,3.33,10,116.67
3.57,1.43,4.29,1.43,4.29,71.43
74,1.2,2.4,5,2,0.4
2.5,2.5,7.5,2.5,12.5,250
1.67,3,4,0.67,6,60
0.71,0.71,1.14,0.57,2.14,35.71
7.19,2.5,7.5,2,7.5,200
7.5,5,5,3.5,7.5,185
66.67,2.5,3.33,2.5,5,70.18
66.67,1.67,1,2.33,8.33,62.22
2.86,0.39,0.43,0.39,0.36,8.57
3,2,3,2,6,76
150,5,2.5,1.25,6.25,209.21
1.67,1.67,2,2.33,6.67,100
1.67,2.5,1.67,4.17,3.33,33.33
187.5,5,8.75,5,25,38.38
1.67,1.67,2.5,0.83,3.33,60
3,1,2,1,2,22
101.67,2,4.17,1.67,5,3.33
8,2,6,6,6,50
120,1,1,4,16,130
58.33,0.5,2.5,0.33,3.33,94.83
3.75,0.63,2.5,1.25,3.13,112.5
2,1,3,2,8,110
80,4,5,3,6,65.26
1.27,3.33,3,3.33,4,93.33
2.5,2.5,5,1,6.67,91.67
137.5,5,2.5,5,2.5,107.5
75,2.5,6.25,3,7.5,149.17
2.33,2,3.33,2.67,5,50
15,1.67,3.33,0.83,3.33,110
1,2.5,4,1,5,100
5,2,1,2,10,120
5,5,5,7.5,15,200
1,1.57,2.57,1.43,3.57,52.57
2,2,2,1.2,6,80
0.83,0.67,1,0.5,1.67,58.33
100,1.33,5,8.33,8.33,116.67
5.71,1.43,2.14,4.29,5.71,100
3.57,1.43,2.14,2.86,4.29,42.86
2,0.6,2,1.6,3,90
1,1.2,1.2,1,2.6,170
3,3,2,2,4,36
3.33,0.83,5,0.67,10,66.67
160,3,6,3,8,65.26
3.33,2.02,2.83,1,3.67,76.67
3.75,2.5,1.5,2.5,7.5,112.5
0.29,0.43,0.43,0.29,0.71,25.71
1,1,3,2,6,60
1.33,0.67,6,4,8.33,113.33
0.5,0.83,0.33,0.5,3.33,60
100,4,5,3,8,161.05
0.83,1,0.83,0.33,1.67,58.33
1.67,7.33,5,5,15,216.67
50,1.25,0.83,0.83,3.33,77.19
6.8,0.8,0.6,0.6,4,80
1.67,1,2.5,0.67,8.33,60
5.83,0.5,3,3,4.17,45
2,0.5,1,0.8,4,72
150,1.72,7.5,1.25,10,136.11
5,2.5,2.5,3.75,12.5,187.5
2.5,1.25,2.5,3.75,10,75
10,2,2,1,2,100
2,3,3,3,6,168
6.25,0.5,1.25,1.25,3.75,87.5
5,1,3,2,4,110
3.33,2.5,2.5,1.67,5,116.67
1.88,2.5,1.25,1.25,3.75,30
1.67,3.33,3.33,5,10,106.67
0.4,1,2,0.6,6,36
2.5,0.83,1.67,0.83,5,60
1.25,1,1.5,0.75,2.5,90
1.25,0.75,4.5,1.5,6.25,105
85,1,3,2,2.5,0.5
4,4,2,6,10,140
3.13,1.88,1.88,1.25,3.75,87.5
66.67,1.02,0.83,1.67,1.67,50
75,2.5,1.75,6.25,5,163.89
10,3,1.2,1,4,90
3.61,0.33,0.83,0.83,0.83,16.67
7.14,2.86,1.71,2.43,4.29,78.57
1.43,1.43,2.14,0.71,4.29,71.43
3.33,2.5,1.67,1.33,5,116.67
6,4,3,4,14,144
25,1.25,2.5,1.25,3.75,101.32
4,3,2,1.2,7,110
1.25,1.25,2.5,2.5,4.38,88.75
22,0.6,3,0.6,3,60
58.33,0.5,1.67,0.83,3.33,97.22
183.33,2.5,2.5,4.17,25,19.17
2.36,1.67,0.83,2.5,0.83,100
2.39,1.88,5,1.25,7.5,137.5
3,0.6,2,1.4,3,114
2,2.4,3,2,6,90
44.44,2.22,2.22,0.56,5.56,3.33
58.33,1.5,1.67,3.33,3.33,116.67
4.17,3.33,1.67,1,5.83,100
3.33,2.5,5,1.67,10,183.33
2.86,7.14,1.86,0.29,1.43,71.43
7.5,0.75,10,6.25,15,137.5
71.43,1.07,1.43,1.43,1.14,100
0.71,0.29,0.71,0.71,3.57,64.29
2.5,0.38,1.88,0.38,3.13,47.5
4,0.8,3,1,5,120
2.5,0.75,3.75,1.25,2.5,125
1.67,0.83,1.33,1.67,3.33,66.67
1.4,1.67,4.17,2,2.67,91.67
2.5,3,15,1.5,20,190
0.6,1.4,2,2,4,48
0.75,0.75,0.75,0.5,1.25,40
1.67,3.33,3.33,3.33,4.17,163.33
3.57,0.71,0.71,4.29,2.86,35.71
2.5,12.5,3.75,0.75,5,250
6.67,1.33,3.33,1.67,6.67,150
1.33,0.83,1.17,1.67,2.5,33.33
1.43,1.43,4.29,0.71,5.71,80
12.5,1.5,2.5,0.75,7.5,100
150,6.25,7.5,5,8.75,121.05
3.75,2.5,2.5,1.5,7.5,90
0.43,0.71,1.71,1,2.57,28.57
2.5,0.5,4.17,2.5,5,66.67
30,2,3.2,4,10,240
5,1.2,2,0.6,3,72
140,4,3.4,6,2,30
80,1.67,1.6,5,5,66.86
0.14,0.29,0.43,0.29,1.43,21.43
10,0.86,2.86,3.57,2.86,81.43
2.5,1.67,4.17,3.33,8.33,150
1.25,1.5,5,1.25,8.75,150
5,1.67,3.33,1.67,5,91.67
3.33,1.67,1.33,0.83,2.67,50
2.14,2.86,2.14,2.86,7.14,142.86
4.29,1.43,2.86,4.29,5,100
4,3,6,4,14,300
2.8,3,2,0.8,1.4,60
0.8,1,0.8,0.8,1.4,72
0.6,1,0.2,1.5,2.8,72
250,2.5,2.5,3.33,10,14.67
1.25,0.5,3.75,0.75,6.25,100
60,4,5,3,6,95.79
5,2,4,3,6,100
6.25,2.5,1.25,0.38,3.75,62.5
41.67,0.83,0.67,0.33,1.67,88.67
120,2.5,5,1,11.67,3.33
5,2,3,2,6,100
2.5,1.67,1.67,1.67,5,83.33
75,3.75,5,5,10,117.11
8.33,8.33,3,1.67,10,141.67
8.75,4.17,5,2.5,6.67,141.67
375,10,12.5,12.5,15,150
300,7.5,12.5,15,17.5,300
44.36,0.4,2,0.4,3,34
1,2,1.5,0.5,2.5,90
1.67,1.67,2.5,3.33,2.5,58.33
100,5,1.67,2.5,5,82.22
12.5,0.83,0.67,1.83,0.83,16.67
149,4,1,10,10,4
2,0.4,2,0.6,4,40
7.5,2,2.5,5,10,150
100,7.86,1.43,1.43,5.71,27.14
7.14,0.71,2.86,1.43,5.71,57.14
1.11,0.56,1.67,1.67,2.78,111.11
200,1.45,3.75,2.5,10,122.22
1.67,1.67,1.33,1.67,2.67,233.33
2.33,2.67,3.33,3.33,6.67,116.67
1.56,0.75,2.5,1.5,3.13,31.25
50,0.33,2.5,0.5,4.17,25
5,3.75,3.75,2.5,6.25,137.5
3.33,1.33,1.67,3.33,5,100
1.13,1.13,2.63,1.5,5.25,75
1,5,1,1,6,70
5,2.5,2.5,2.5,3.75,100
1.2,3,3,4,12,100
125,2.5,5,8.75,12.5,97.5
30,1,0.3,0.4,4,46.67
58.33,3.33,5,3.33,5.83,76.32
68.33,1,1.67,0.67,3.33,33.33
3.75,1.5,3.25,3.25,3,90
12.5,5,7.5,5,7.5,225
60,1,2,0.6,4,12
0.56,2,2.78,1.67,4.44,66.67
7.14,3.57,2.86,4.29,8.57,128.57
1.67,0.83,2.17,1,5,75
0.75,1.25,1,0.25,3.75,70
120,2.78,4.8,1,6,128.89
6,0.8,2,0.8,3,90
6.67,1.67,2.67,1.67,8.33,150
1.67,1.67,2.5,0.83,3.33,60
0.5,0.75,1.25,2.25,1.25,37.5
3.33,2.67,3.33,1.67,5,116.67
2.36,0.91,0.45,0.27,1.82,27.27
100,1,3,1,1,52
4,2,3,2,7,144
35.71,3.57,4.29,2.86,5.71,50.38
6.25,2.5,3.13,1.25,3.75,97.5
200,5,5,3.33,10,128.07
100,1.83,3.33,3.33,16.67,16.67
200,2.5,3.75,2.5,10,2.5
1,0.8,2.4,1.4,3,60
3,2,3,1,4,200
1.43,1.43,1.43,2.14,2.86,67.86
25,30.17,2.17,1.67,3.33,6.67
1,1.2,2,1.4,4,78
12.5,2.5,5,1.5,10,175
100,1,4,1.67,5,6.67
0.71,0.71,1.14,1.14,2.86,54.29
120,3,2,1.6,5,62.11
3.33,3.33,5,1.67,5,66.67
1.67,0.83,2.33,1.67,4.17,126.67
6,1,6,1,16.67,125
0.5,1.67,1.67,0.5,6.67,66.67
107,3,0.6,1,3,34
6.67,5,5,3.33,6.67,75
2,0.6,1.6,1,3,74.4
0.4,0.2,0.4,0.2,0.6,40
60,1,1,0.8,4,109.05
6.25,1.88,2.5,1.25,3.13,45
4,10,2,2,12,220
120,1,1,1,5,70.74
4.29,2.86,5.71,3.57,6.43,78.57
85.71,1.71,0.86,1.43,0.86,41.43
3,0.8,3,1.2,4,80
3,0.7,1,1,5,60
1.43,0.43,1.14,0.71,3.57,42.86
70,1,2,0.4,4,66.67
100,1.67,1.67,1.67,16.67,27.67
2.5,7.5,3,3,3.75,75
3,0.9,2,2,5,80
7.5,3.75,0.75,1.25,2.5,175
100,5,2.5,1.67,4.17,136.84
2.5,1.67,1.67,1.67,2.5,30.83
2.14,1.43,2.14,0.43,3.57,28.57
2.5,1,3,1.33,4.17,83.33
2.5,2.5,6.25,2.5,22.5,187.5
180,4,3,3,7,88.42
2.5,3.6,7.5,7.5,0.75,325
6,1.1,0.6,0.4,3,80
0.75,3.75,3.75,3.75,8.75,150
137.5,0.75,3.75,1.25,6.25,58.33
3.33,5,1,3.33,6.67,190
5,5,5,5,7.5,350
450,6,10,15,10,2.5
140,3,6,4,8,83.68
10,2,3,3,12,100
0.71,1.43,3.57,2.14,5,71.43
3.33,5.9,8.33,3.33,9.33,250
2.5,1,3.5,2,4,50
1.43,0.71,0.43,0.43,3.43,77.14
4.17,1,1.67,2.5,5,100
100,1,1,3,12,10
6.67,2.33,3.33,5,8.33,166.67
141.67,2.53,1.67,4.17,6.67,83.33
4,1.2,2,5,6,140
150,3.33,1.67,1.67,4.17,58.77
150,3.75,2.5,2.5,6.25,93.42
6.67,3.33,3.33,3.33,10,83.33
1.67,0.83,0.33,3.33,0.67,116.67
1.67,2.5,4.17,0.83,10,100
1.5,2,2.5,1.5,7.5,292.5
100,2,6,5,8,166.67
150,2.5,2.5,2.5,7.5,95.26
7.14,2.86,10,7.14,7.14,107.14
120,2,6.8,1,8,4
0.08,0.42,0.5,0.58,4,30
0.67,0.75,0.5,0.67,2.33,51.67
0.83,1,0.67,1.17,2.5,33.33
3.33,1.67,1.67,1.33,5,100
70,1.4,1,1,4,120
2,1.2,2.4,2,5,28
140,10,10,4,10,177.78
1,1,0.8,0.8,1.6,90
1.43,0.71,2.14,0.43,2.86,57.14
17.5,1.5,5,6.25,5,175
0.5,1,1.5,1,5,87.5
2.5,2.1,0.6,0.6,2,32
0.83,0.5,0.67,1.67,3.33,66.67
0.83,0.83,2.5,3.33,8.33,75
85.71,0.71,0.71,2.86,4.29,90
20,3,3,5,12,200
15,2.5,2.5,1.5,12,175
0.5,2.67,2.5,1.67,5.83,50
1,0.8,1,0.4,2,70
3,0.8,1.6,0.6,4,73
3,1.5,1.5,1.5,6,65
7.5,1.75,2.5,1.25,6.25,100
75,1.25,1.25,2.5,1.25,200
1.25,1.25,0.75,1,2.5,50
166.67,1.17,1.67,1.67,16.67,34.17
1,0.38,1.25,1.25,2.5,43.75
1.67,5.52,5,1.67,6,63.33
1.43,2.14,2.14,1.43,2.86,98.57
0.83,4.67,2.5,2.5,5,66.67
4,1.65,5.6,2,6.4,140
2,0.6,2,3,10,110
1,2.5,1.4,1.4,2.4,40
92.86,5.71,1.43,2.14,3.57,65.36
19.5,0.38,1.88,0.38,2.5,31.25
5,1.75,2.5,1.5,6.25,125
142.86,14.29,3.57,1.43,3.57,19.05
8.33,1.67,2.5,3.33,3.33,116.67
4.17,1.67,3.33,0.83,5,33.33
8.33,1.67,4,0.67,4.17,66.67
200,2,7.5,3,12.5,183.34
10,1.67,3.33,1.67,6.67,83.33
7.14,2.86,2.14,2.14,2.86,142.86
1.67,0.5,0.83,0.83,0.83,50
2.86,0.71,1.43,1.43,7.14,128.57
3,1.6,4,2,2,32
7.14,2.14,1.43,2.86,5.71,107.14
170,4,3,1,6,81.33
1,1.25,1,0.5,1.75,45
56,0.6,1,0.6,1.6,2
1.67,0.83,1.67,0.5,4.17,30
15,3.13,0.63,0.88,3.75,106.25
200,1.67,3.33,5,3.33,120.33
0.8,1,0.6,1.6,2,40
0.8,0.8,0.8,0.4,1.4,110
12.5,5,7.5,1,5,250
3.33,0.33,2.5,0.83,2.5,100
92.86,0.71,2.86,0.43,3.57,20
2,2,5,2,6.67,100
2.58,6.67,1.67,0.33,4.67,83.33
120,0.4,5,10,6,61
0.77,0.46,0.38,1.15,5.38,76.92
1.33,1.67,1.67,1.33,2.67,166.67
50,0.43,2.14,0.71,2.86,14.29
2,1.5,3.75,1.25,3.75,45
2,0.4,0.6,1.5,3,30
2,0.6,1,0.4,4,26
7.5,3.75,2.5,7.5,10,200
1.25,0.63,1.25,3.75,0.63,59.38
0.63,0.5,1.25,1,3.75,56.25
4,1,2.33,1.67,11,123.33
1,1,2,2,4,36
1.43,0.29,1.43,0.43,1.43,42.86
10,1,8,6,12,300
166.67,33.33,5,4,3.33,233.33
20.57,0.8,0.6,1,4,60
70,0.6,2,1,4,44
120,1.7,4,4.17,8.33,66.67
3.5,3,3,1.5,5,400
35,15,12.5,5,20,300
0.6,2.3,4,0.8,2,60
116.67,2.5,1.67,0.5,3.33,75.67
3.75,1.25,1.88,3.75,3.75,62.5
0.8,2,3,0.8,8,72
0.93,2.86,5,2.14,11.43,142.86
0.75,0.5,1,1.75,2.5,103.75
150,0.75,3.75,1.25,6.25,125
100,1.67,2.5,0.83,4.17,65.79
5.71,2.14,4.29,2.86,3.57,78.57
0.83,2,4.33,2.5,5.83,75
4.25,1.75,2.5,2.5,3.75,102.5
1.75,2.5,1.5,1.25,2.5,212.5
2.5,4.5,6.25,1.75,12.5,100
7.14,2.14,1.43,1.43,1.43,21.43
1.43,0.71,0.71,0.71,2.86,28.57
6,3.5,3.5,4,12.5,185
1.5,5,7.5,1.25,15,140
2.31,4.38,1.5,3,3.75,62.5
60,1.11,1.67,5,5,51.43
1.25,3.75,1.75,2.5,5,100
4.17,0.67,0.83,1,1.67,65
85.71,0.71,0.71,0.71,5.71,29
6,2,2,2,5,60
0.83,1,0.5,1,2.5,43.33
200,3,2,6,20,68
8,2,6,2,10,240
5,2.5,25,1.5,35,225
1.5,12.5,3.75,5,5,250
5,3,3,3.75,15,150
10.89,2.86,3.43,2.86,4.29,50
10,9,2,1,4,140
3.33,0.67,2.5,0.5,3.33,83.33
42.5,6,1,2,2,120
4.29,2.86,3.57,2.14,2.86,54.29
6,2,3,2,4,72
5,1.67,2.5,1.67,5,58.33
0.83,2.5,1.33,3.33,3.33,63.33
5,2.5,3.75,7.5,10,200
6.25,1.25,1.25,0.75,15,140
100,1.67,1.67,1.17,3.33,55.26
3.33,0.67,0.67,5,3.33,6.67
2.86,2.14,2.86,1.43,3.57,102.86
100,1.29,1.43,0.71,14.29,107.14
0.83,0.33,0.5,0.83,3.33,50
1,0.4,1,0.8,2,120
1.67,2.5,5,1.33,11.67,93.33
0.71,0.86,0.71,0.29,1.43,71.43
0.83,1.67,3.33,0.83,8.33,116.67
171.43,7.14,2.86,2.14,4.29,97.62
100,6.25,1.88,1.88,5.63,15.63
1.17,1,2,2.5,10,66.67
0.58,3,4,1,4,58.33
0.25,0.33,0.42,0.25,0.67,25
1.67,3.33,6.67,5,3.33,200
4,1,3,1,4,110
137.5,6.25,2,1.25,6.25,123.25
4,0.6,4,4,6.8,148
142.5,2.5,2.5,5,2.5,2.5
0.4,0.4,0.2,0.8,2,36
0.5,0.83,0.83,1.67,5,60
3.33,9.17,3,3.33,6.67,116.67
55.67,8.33,10,6.67,13.33,166.67
10,1.25,5,1.25,12.5,175
3.75,1.25,2.5,1.25,5,125
3.33,2,1.67,3.33,6.67,100
0.33,0.56,0.33,0.33,1.11,20
0.83,5,0.67,1.67,1.33,21.67
0.67,0.83,0.67,0.67,1.67,83.33
1.5,0.8,3,3,7,7
4,3,2.4,4,8,130
100,0.75,5,2.5,7.5,10
1.6,2.4,3.6,2,6,56
1.25,4.75,3.75,2.5,8.75,125
1.14,1.43,3.57,1.14,8.57,108.57
85.71,5.71,0.71,2.86,5,41.9
2.5,0.75,3,1.25,5,125
6.25,5,1,1.25,11.25,225
5.71,0.71,1.43,1.43,0.71,60
50,4.67,4.17,4.17,0.33,47.78
166.67,1.67,5,1,8.33,66.67
1.67,3.33,3.33,1.67,5,100
1.67,0.83,0.83,2.5,3.33,100
1.5,2,2.5,2,8.75,135
50,1.88,1.25,3.5,2.5,81.25
3,3,4,2,6,50
10,3,5,1.2,3,100
5,0.83,2.5,2.5,6.67,53.33
6,2,3,6,10,240
0.29,0.71,0.43,0.71,2.86,21.43
2,10,15,3,35,200
0.63,0.75,0.75,0.63,1.63,112.5
0.83,0.33,1.67,0.33,2.5,121.67
30,1.5,0.2,0.4,2,27.25
3.75,2,2.5,1.75,3.75,112.5
116.67,6.67,0.83,0.83,2.5,75
1,2.4,3,2,5,70
2.5,2.5,2.5,1.67,8.33,133.33
0.83,0.58,0.33,0.83,3.33,50
0.71,2.14,2.14,1.43,4.29,57.14
1.2,0.8,1.6,0.6,4,60
15,0.75,2.5,1,5,125
3.75,2.5,3,5,10,150
8.33,0.83,4.17,0.83,4.17,116.67
100,2.5,1.67,1.67,4.17,60.53
0.63,1.25,1.25,0.63,3.75,45
3.33,1.67,1.67,0.83,3.33,33.33
0.63,2.38,2.5,1.88,5,81.25
87.5,2.5,1.25,3.75,12.5,62.5
2,1.5,2,4,5,75
120,1,1,1,1,2
0.83,0.45,0.83,1.67,4.17,75
2.43,3.43,2.14,1.71,5.14,64.29
0.83,0.83,1,1.67,4.17,100
1.67,1,2,1.33,3.33,108.33
3.33,1,1.67,0.5,5,63.33
17,1.2,1,0.8,4,40
66,0.8,5,2,5,100
5,13.33,1.33,2.5,3.33,60
0.43,0.57,0.57,0.29,1.14,25.71
1.67,1.67,1.67,2,2.67,166.67
0.83,3,2.5,2.5,6.67,66.67
6,1,3,2,7,154
2,2,2,1,6,70
0.36,0.18,1.09,0.91,2.27,34.55
2.5,3.33,3.33,3.33,5,116.67
1.5,1.88,1.88,2.5,5,62.5
0.83,1,1,0.67,1.83,108.33
1.25,1.25,1,0.75,2,75
60,1.2,1.4,2,3,84
85.71,1.43,0.71,1.43,3.57,45.86
0.57,1.71,0.71,1.43,3.57,50
100,1.95,4,1.67,4.17,88.89
0.8,1.3,3,2,3.6,73
66.67,3.33,4.17,5,6.67,71.05
2,0.8,1,2,6,134
150,1.86,7.5,2.5,12.5,143.06
5,1.25,2.5,2.5,11.25,186
1.4,3.77,4.2,1,4.8,122
0.71,1.2,2.14,2.86,5.71,85.71
41.88,1.25,3,3.75,12.5,62.5
1,3,3.6,4,8,100
51.43,0.43,2.14,3.57,10,57.14
5,5,2.5,5,3.75,182.5
4,2,2,3,6,140
1.67,1.67,5,0.83,8.33,91.67
0.5,1.25,10,10,12,100
1.58,1.67,3.33,2,8.33,150
0.83,1.17,0.33,0.5,0.5,19.17
0.8,0.6,0.6,1,1.2,60
1.43,1.31,2.86,2.14,6.43,100
100,5,7.5,3.75,8.75,215.28
16.67,2,3.33,2,10,166.67
150,7.5,8.75,3.75,7.5,210.53
5,2.5,3.75,3.75,3.75,100
1.43,4.29,0.71,4.29,2.86,85.71
6.67,3.33,2.5,1.17,5,116.67
4,2.4,1,2,4,100
1.71,0.71,3.57,1.43,4.29,54.29
1.82,1.36,1.36,0.45,2.73,59.09
8.57,0.29,0.43,2.86,1.43,25.71
1.67,1.17,2,2.5,6.67,75
120,20,2,2,6,73
200,3.33,2.5,1.67,7.5,118.42
66.67,3.33,5,1.67,5,72.81
3.33,3.33,2,3.33,8.33,200
2,2,1,0.4,2,80
10,0.8,0.8,1.2,4.8,70
1,1,1,1,1,60
120,20,3,2,16,36.67
0.5,3.75,2.5,2.5,10,80
1.67,2.67,6.67,1.67,8.33,66.67
0.75,2,0.75,1.25,5,45
70.29,0.6,0.6,0.4,4,40
5.71,2.14,2.86,1.43,5,78.57
2,3.75,6.25,2.5,12.5,137.5
120,3,2,0.6,4,83
42.86,0.57,0.86,1.14,3.57,85.71
1,2.6,4,3,10,140
8.33,0.83,0.5,0.83,1.67,33.33
100,0.8,3,1,5,110
1,1.47,4,3,9,130
1.81,1.67,1.33,1.67,3.33,16.67
100,3.33,10,3.33,13.33,152.63
1.43,1.43,4.29,1.43,10,107.14
3.57,2.14,2.86,1.43,5,114.29
4.55,0.45,0.45,0.27,9.09,50
6.67,10,6.67,5,10,100
75,2.5,3.75,1.25,5,111.84
0.67,1,1,0.67,1.33,53.33
3.33,0.83,1.67,3.33,6.67,66.67
1.2,1,2,4,5,120
2,3.33,5,1.17,5.83,75
0,0,0,0,0,0
